fwv,arch,dim,field_size,N,n,median,mean,sd,ci_half,pct,run_range
cedar (fftw),detection,1D,100,5,10,22219.575,22033.297,417.9074498299037,298.9529802924107,1.345448687890793,5.541340453950213
cedar (fftw),detection,1D,100,10,10,10728.705,10705.486,97.38230745081202,69.6631061542969,0.6493151424547222,2.4407112390787384
cedar (fftw),detection,1D,100,50,10,2127.38,2106.547,55.721485193973614,39.86074924445116,1.8737014188556422,8.27183063088551
cedar (fftw),detection,1D,100,100,10,992.48,987.904,12.520333861363296,8.956507292784591,0.9024370559391214,3.932568346721951
cedar (fftw),detection,1D,500,5,10,10069.305,10045.381,177.61780769393624,127.06012535722674,1.2618559608356956,4.4181499935144295
cedar (fftw),detection,1D,500,10,10,5050.165,5040.006,65.14008532045034,46.59840988950247,0.9227106419196694,4.570232654484938
cedar (fftw),detection,1D,500,50,10,976.795,976.879,6.197016217503385,4.433078347603253,0.4538391727643214,2.0852121910697234
cedar (fftw),detection,1D,500,100,10,485.1,484.727,2.529655444258496,1.8096064917766048,0.37303782555691706,1.753564377474331
cedar (fftw),detection,1D,1000,5,10,6179.135,6180.787,52.9451527631295,37.874680666776506,0.6129447028876454,2.844783358494637
cedar (fftw),detection,1D,1000,10,10,3094.5550000000003,3095.219,18.777490336393086,13.432607388936214,0.43407234283883184,1.740103042789545
cedar (fftw),detection,1D,1000,50,10,597.45,598.023,5.0366524376591375,3.6030041042534466,0.6030637047875883,2.623644909978388
cedar (fftw),detection,1D,1000,100,10,296.595,296.923,1.750606561547556,1.2523084934406035,0.42222845747251414,1.6569952479262353
cedar (fftw),detection,2D,100,5,10,774.615,772.112,10.888946281027879,7.789482920876879,1.0055941236455375,4.0706529622645355
cedar (fftw),detection,2D,100,10,10,385.375,384.611,1.6922663961550344,1.2105744532315925,0.31412895315772754,1.154413160310027
cedar (fftw),detection,2D,100,50,10,72.50999999999999,71.983,1.2434544176964788,0.8895137049589076,1.2267462487365985,4.320464554130836
cedar (fftw),detection,2D,100,100,10,35.8,35.806,0.12276445377678018,0.08782039981693615,0.24530837937691663,0.865776685471715
cedar (fftw),detection,2D,200,5,10,187.9,188.017,2.9402836219959743,2.1033521945072597,1.1193997841975838,5.377173340708545
cedar (fftw),detection,2D,200,10,10,97.01,96.999,0.5097374051629141,0.36464417301485735,0.3758830770176862,1.8144516953782936
cedar (fftw),detection,2D,200,50,10,17.785,17.841,0.25843331398598346,0.1848720558927584,1.0394830244180961,4.708256263662349
cedar (fftw),detection,2D,200,100,10,8.885,8.919,0.13152524050116368,0.09408748910195999,1.0589475419466516,3.924206749635625
cedar (fftw),detection,2D,500,5,10,22.025,22.024,0.17283261009170453,0.12363700120603602,0.5613484731261568,1.9978205593897624
cedar (fftw),detection,2D,500,10,10,10.985,11.002,0.06629898608240953,0.047427437552904635,0.4317472694847942,1.8178512997636727
cedar (fftw),detection,2D,500,50,10,2.2,2.197,0.004830458915396591,0.0034555021441365183,0.15706827927893266,0.4551661356395189
cedar (fftw),detection,2D,500,100,10,1.1,1.0990000000000002,0.003162277660168382,0.0022621571627982067,0.20565065116347334,0.9099181073703373
cedar (fftw),memory,1D,100,5,10,24792.43,24636.440000000002,358.36476987685216,256.3587129879942,1.0340201141557894,4.3231083711770095
cedar (fftw),memory,1D,100,10,10,12342.384999999998,12340.668,90.34592492808486,64.62958132361273,0.5236393235473754,2.27986037708818
cedar (fftw),memory,1D,100,50,10,2351.325,2347.686,22.90349910190815,16.38417625344291,0.6968061094677643,2.9501389879225655
cedar (fftw),memory,1D,100,100,10,1121.6100000000001,1124.633,8.790551809250129,6.28838194404,0.5606567295263059,1.9606396042086578
cedar (fftw),memory,1D,500,5,10,14696.349999999999,14487.431,476.649287339351,340.9743594242005,2.320129552060209,9.88139305029305
cedar (fftw),memory,1D,500,10,10,7278.77,7254.285,134.76090260985276,96.40214233679833,1.324429022167184,5.284049358413679
cedar (fftw),memory,1D,500,50,10,1369.19,1364.052,22.341837584824262,15.982387808378991,1.1672877985070729,5.3531683542856126
cedar (fftw),memory,1D,500,100,10,680.4,681.234,7.718599757872034,5.52155364121726,0.8115158202847236,3.3292525035450464
cedar (fftw),memory,1D,1000,5,10,9976.904999999999,9923.884,181.99733979740836,130.19305389236575,1.3049443078025276,6.126431949426248
cedar (fftw),memory,1D,1000,10,10,4842.335,4827.465,49.0470554671735,35.086149845968805,0.7245708908195901,3.349169802370401
cedar (fftw),memory,1D,1000,50,10,923.28,922.214,5.697180979318727,4.075517758120365,0.4414173119877356,1.6666413652362688
cedar (fftw),memory,1D,1000,100,10,454.63,455.012,3.1480710143056054,2.25199434056959,0.4953466204539054,2.276863027788281
cedar (fftw),memory,2D,100,5,10,743.03,742.39,8.248426112497665,5.900568582963967,0.7941225230426721,2.9836069990166862
cedar (fftw),memory,2D,100,10,10,359.8,360.207,1.2629775224532758,0.9034796927726709,0.2511060847061342,1.182653307681414
cedar (fftw),memory,2D,100,50,10,69.805,70.036,0.809378362283876,0.5789944010029973,0.829445456633475,3.426809069621325
cedar (fftw),memory,2D,100,100,10,35.58,35.546,0.13898041428760965,0.0994205991553056,0.2794283281486948,1.3784954706577448
cedar (fftw),memory,2D,200,5,10,183.975,183.582,1.396597452541153,0.9990656325363515,0.5430442356496,2.56561100761513
cedar (fftw),memory,2D,200,10,10,92.455,92.544,0.8389437803969164,0.6001442270280709,0.6491203580423676,2.777057399723383
cedar (fftw),memory,2D,200,50,10,17.59,17.718,0.29757538727373173,0.21287260833315905,1.2101910649980616,4.063664070436857
cedar (fftw),memory,2D,200,100,10,9.01,8.962,0.12691204303243495,0.09078740643409851,1.0076293721875529,4.574871680428478
cedar (fftw),memory,2D,500,5,10,22.03,22.023,0.06832113712298532,0.048873997264696295,0.22185200755649703,0.9535485628660985
cedar (fftw),memory,2D,500,10,10,10.98,10.955,0.13352070168246502,0.0955149560386003,0.869899417473591,3.468735737106351
cedar (fftw),memory,2D,500,50,10,2.25,2.241,0.013703203194062987,0.009802681038792227,0.4356747128352101,1.7849174475680514
cedar (fftw),memory,2D,500,100,10,1.1150000000000002,1.1150000000000002,0.0052704627669473035,0.003770261937997011,0.3381400841252924,0.8968609865470858
cedar (fftw),multi-peak,1D,100,5,10,22334.84,21912.400999999998,912.828791753659,652.9983801498375,2.923676104909807,12.802202734424224
cedar (fftw),multi-peak,1D,100,10,10,10847.015,10749.375,211.770589199728,151.49155346550208,1.3966197471424358,5.451014593871727
cedar (fftw),multi-peak,1D,100,50,10,2070.725,2059.9429999999998,25.462933866919364,18.215085587975086,0.8796477363230312,4.2054561703891755
cedar (fftw),multi-peak,1D,100,100,10,1015.73,1013.83,14.634601311807442,10.468963114528801,1.030683657520089,4.647722004675352
cedar (fftw),multi-peak,1D,500,5,10,10291.880000000001,10231.82,225.0476120488479,160.9893634513503,1.564236693892178,7.211131548443972
cedar (fftw),multi-peak,1D,500,10,10,5109.139999999999,5109.825,40.834466991065774,29.211217963690046,0.5717443241659076,2.712813061112658
cedar (fftw),multi-peak,1D,500,50,10,883.905,881.37,8.044481890643345,5.754675675427666,0.6510513771760162,3.1246808945164872
cedar (fftw),multi-peak,1D,500,100,10,484.28,484.516,2.6274119078160076,1.8795372530857404,0.388109616974837,1.599534380701566
cedar (fftw),multi-peak,1D,1000,5,10,6252.775,6245.427,63.33092680515568,45.3042158515908,0.7245457553100951,3.6474687799569074
cedar (fftw),multi-peak,1D,1000,10,10,3123.485,3115.924,29.416997807390235,21.043652534440508,0.6737235022559899,3.2125302157562223
cedar (fftw),multi-peak,1D,1000,50,10,594.265,594.381,4.318776704371531,3.0894667408174024,0.5198803127926771,2.538775633810642
cedar (fftw),multi-peak,1D,1000,100,10,298.995,298.837,1.633850598365027,1.1687863088647248,0.3909049679308098,1.8973554144901599
cedar (fftw),multi-peak,2D,100,5,10,783.325,785.981,18.87006297463436,13.498829865006034,1.7232732090774625,6.872939676658849
cedar (fftw),multi-peak,2D,100,10,10,385.83,386.165,3.180077741886906,2.274890574182395,0.5896095622897118,2.2710499397925856
cedar (fftw),multi-peak,2D,100,50,10,72.145,72.346,0.6635292842905361,0.4746602558310075,0.657925366735058,2.750670389517036
cedar (fftw),multi-peak,2D,100,100,10,35.61,35.772,0.4888035279014351,0.34966897934711605,0.9819404081637632,3.857765850385784
cedar (fftw),multi-peak,2D,200,5,10,178.815,178.879,0.39917832272473647,0.28555496987492696,0.15969296192988672,0.7826519602636451
cedar (fftw),multi-peak,2D,200,10,10,97.975,97.761,0.558459189795161,0.3994976381227505,0.40775467019418277,1.3911477992246393
cedar (fftw),multi-peak,2D,200,50,10,18.52,18.323,0.3859202565873486,0.2760707207037307,1.4906626387890425,4.748130764612787
cedar (fftw),multi-peak,2D,200,100,10,9.22,9.124,0.16269945024833737,0.1163881753327787,1.262344634845756,4.493643138974136
cedar (fftw),multi-peak,2D,500,5,10,21.97,21.974,0.13293273152655466,0.09509434752706518,0.4328372668505471,2.3209247292254394
cedar (fftw),multi-peak,2D,500,10,10,10.93,10.93,0.04346134936801773,0.031090376413215264,0.28444992143838305,1.1893870082342248
cedar (fftw),multi-peak,2D,500,50,10,2.23,2.223,0.014181364924121797,0.010144737334560677,0.4549209567067568,2.2492127755285773
cedar (fftw),multi-peak,2D,500,100,10,1.09,1.094,0.009660917830792967,0.006911004288272881,0.6340370906672368,2.7422303473491794
cedar (fftw),selection,1D,100,5,10,21719.09,21609.991,285.921648181611,204.53602559323014,0.9417338645091952,3.6421579259334242
cedar (fftw),selection,1D,100,10,10,10627.13,10680.936,166.88935883792394,119.38545537772525,1.1234026061384894,5.497083776178412
cedar (fftw),selection,1D,100,50,10,2013.025,2000.475,26.98269538055825,19.302257482185095,0.9588682446658682,4.359464627151054
cedar (fftw),selection,1D,100,100,10,986.855,986.139,13.457043963003985,9.626589332885741,0.9754816394389997,4.7325985484804844
cedar (fftw),selection,1D,500,5,10,10187.505,10132.719,153.02276725666957,109.46589332780027,1.0745113089789922,4.547940192558384
cedar (fftw),selection,1D,500,10,10,5045.175,5045.021,58.136857968456084,41.588602839170726,0.8243242868517093,3.269362010584289
cedar (fftw),selection,1D,500,50,10,952.4549999999999,951.092,7.233816880918845,5.174760862292469,0.5433076483710484,2.6201461057395035
cedar (fftw),selection,1D,500,100,10,479.01,477.26300000000003,7.407046269900335,5.298681702017457,1.1061735041058551,5.332489633598245
cedar (fftw),selection,1D,1000,5,10,6183.98,6168.38,87.760954112103,62.780404598667474,1.0152103434789161,4.752949720996426
cedar (fftw),selection,1D,1000,10,10,3075.37,3075.14,20.495072578549234,14.661291707435193,0.47673261127718597,2.1225049916426566
cedar (fftw),selection,1D,1000,50,10,590.44,589.602,4.58718698599094,3.281475889407378,0.5557678831731213,2.3812673634078716
cedar (fftw),selection,1D,1000,100,10,298.725,298.837,1.0812652054165313,0.773490531880505,0.25893063248154824,1.2080164102838717
cedar (fftw),selection,2D,100,5,10,782.4100000000001,779.525,8.194510696530672,5.8619998178136985,0.7492235295834279,2.994131041339281
cedar (fftw),selection,2D,100,10,10,374.115,375.38,4.238487675784566,3.0320314297440407,0.8104543869516165,3.489797005700881
cedar (fftw),selection,2D,100,50,10,70.86500000000001,71.515,1.4296017316410585,1.022675471517052,1.4431319713780455,5.2995874991260665
cedar (fftw),selection,2D,100,100,10,34.894999999999996,34.913,0.20580735328619015,0.1472257114728205,0.4219106217877074,2.090911694784169
cedar (fftw),selection,2D,200,5,10,174.51,174.629,1.7027066688070513,1.2180429743734296,0.6979788976983724,3.1266284523189207
cedar (fftw),selection,2D,200,10,10,97.47999999999999,97.535,0.5428167278188812,0.3883076949216353,0.3983460144867002,1.8659968216537584
cedar (fftw),selection,2D,200,50,10,17.925,18.046,0.2962806477349173,0.21194640746263485,1.182406736193221,4.15604566108833
cedar (fftw),selection,2D,200,100,10,9.125,9.107,0.08152027695951235,0.05831609309962841,0.6390804723246949,2.6353354562424536
cedar (fftw),selection,2D,500,5,10,22.1,22.086,0.17379425895133693,0.12432492335889288,0.5625562142936329,2.2186000181110135
cedar (fftw),selection,2D,500,10,10,10.895,10.87,0.08419553960210041,0.060229860706289114,0.5528211170838836,1.931922723091068
cedar (fftw),selection,2D,500,50,10,2.18,2.174,0.01955050439815362,0.013985588336429045,0.6415407493774791,2.759889604415826
cedar (fftw),selection,2D,500,100,10,1.11,1.1070000000000002,0.004830458915396484,0.0034555021441364407,0.3113064994717514,0.9033423667570015
cedar (opencv),detection,1D,100,5,10,12133.54,12136.152,58.735631964100236,42.016939952070416,0.3462875628387957,1.5759525754127026
cedar (opencv),detection,1D,100,10,10,6081.59,6055.601,100.41426242764956,71.83203608556975,1.1811390785233755,5.694893041995332
cedar (opencv),detection,1D,100,50,10,1164.9,1163.329,16.878886515407363,12.074428033891785,1.0365205626141114,4.822367533174204
cedar (opencv),detection,1D,100,100,10,563.95,563.598,2.958925480643275,2.116687776830735,0.37533252537117384,1.8009290309759753
cedar (opencv),detection,1D,500,5,10,4195.32,4188.002,33.35534699764544,23.860977825813542,0.5687522721941006,2.917381605834961
cedar (opencv),detection,1D,500,10,10,2096.48,2091.883,11.625029557907485,8.316045176362222,0.3966670407713034,1.5335465702431699
cedar (opencv),detection,1D,500,50,10,407.385,406.98,1.5364316523107062,1.0990969930323828,0.2697931914607516,1.093419824069976
cedar (opencv),detection,1D,500,100,10,204.075,204.01000000000002,0.5605156356229287,0.40096873084739876,0.19648106374979726,0.6911425910494566
cedar (opencv),detection,1D,1000,5,10,2326.135,2324.6549999999997,14.044050737273416,10.046508682710941,0.43189706026137525,2.1676334767954764
cedar (opencv),detection,1D,1000,10,10,1149.495,1151.728,5.947391211465949,4.2545073756314045,0.37011969392049593,1.4039773279802041
cedar (opencv),detection,1D,1000,50,10,228.675,228.7,0.6396353127629316,0.45756753828766916,0.20009512989512154,1.027547004809792
cedar (opencv),detection,1D,1000,100,10,114.035,114.144,0.37544640096823345,0.268578175754457,0.2355225814482019,0.7972385758340311
cedar (opencv),detection,2D,100,5,10,837.44,836.9689999999999,6.731909833026581,4.815718189427389,0.575052324874306,2.2724855998250812
cedar (opencv),detection,2D,100,10,10,416.365,415.907,3.2409191083189133,2.3184138658282234,0.5568224672650736,2.2721425703342306
cedar (opencv),detection,2D,100,50,10,82.08500000000001,82.128,0.22611698054080054,0.16175434358709606,0.1970571280832016,0.9253847652445026
cedar (opencv),detection,2D,100,100,10,39.665,39.652,0.06746192341692563,0.048259352806361844,0.12166734603898106,0.50438817714111706
cedar (opencv),detection,2D,200,5,10,225.22000000000003,225.552,2.439543673176059,1.7451444140235357,0.7748620966270916,3.835035823224802
cedar (opencv),detection,2D,200,10,10,111.805,111.813,0.7574379329174262,0.5418384561566258,0.4846281080064629,2.3163675064616847
cedar (opencv),detection,2D,200,50,10,22.03,21.9,0.30309514457784803,0.21682120483994063,0.9842088281431711,3.7442922374429237
cedar (opencv),detection,2D,200,100,10,10.965,10.934000000000001,0.07974960814950752,0.0570494329382046,0.5202866661030972,2.4693616242911975
cedar (opencv),detection,2D,500,5,10,33.995,33.921,0.23335476092088725,0.16693193976589007,0.49104850644474213,2.299460511187763
cedar (opencv),detection,2D,500,10,10,16.705,16.682,0.07004760286167329,0.050109036453788475,0.29996430083082,1.25884186548376
cedar (opencv),detection,2D,500,50,10,3.33,3.332,0.01549193338482967,0.011082261533675399,0.3328006466569189,1.5006002400960332
cedar (opencv),detection,2D,500,100,10,1.66,1.6629999999999998,0.004830458915396484,0.0034555021441364407,0.20816277976725547,0.601322910402887
cedar (opencv),memory,1D,100,5,10,4122.145,4124.484,15.665569606979222,11.206473404316737,0.2718602427696439,1.3332576875070863
cedar (opencv),memory,1D,100,10,10,2048.235,2042.404,24.30294138576647,17.38527695570832,0.8487930806625372,3.9301724830151126
cedar (opencv),memory,1D,100,50,10,404.23,403.853,2.2127059853893427,1.582874507530891,0.3915776927815578,1.8323498896875927
cedar (opencv),memory,1D,100,100,10,201.195,201.322,0.7711434511309934,0.5516427932606078,0.2741831522953393,1.2517260905415115
cedar (opencv),memory,1D,500,5,10,1483.775,1480.7730000000001,6.853863549528521,4.90295862273584,0.3304381474776054,1.5984894376113064
cedar (opencv),memory,1D,500,10,10,733.4749999999999,734.136,4.860402818240006,3.4769227218272696,0.4740342509052483,2.094979676790131
cedar (opencv),memory,1D,500,50,10,146.72,146.655,0.5169192930773223,0.3697817861323365,0.25203229698223584,1.1182707715386553
cedar (opencv),memory,1D,500,100,10,73.275,73.226,0.17557524502806982,0.12559896404832135,0.17140766161490462,0.8057247425777776
cedar (opencv),memory,1D,1000,5,10,806.255,804.324,12.136824772384063,8.68216141748078,1.0768505519321776,3.9200620645411517
cedar (opencv),memory,1D,1000,10,10,396.82,397.043,3.430277118704994,2.453872426258771,0.6183842614431659,2.558916792387718
cedar (opencv),memory,1D,1000,50,10,79.1,79.465,0.929746082421313,0.665100280859257,0.8408347419206789,3.2341282325552223
cedar (opencv),memory,1D,1000,100,10,40.565,40.575,0.07778174593052038,0.055641709109853395,0.13716679183989497,0.6161429451632778
cedar (opencv),memory,2D,100,5,10,344.625,344.62,1.2232652115456264,0.87507121691283,0.25391983080531877,0.9923974232488004
cedar (opencv),memory,2D,100,10,10,170.89,170.794,0.7159329577551239,0.512147585542132,0.299694297818557,1.3642165415646825
cedar (opencv),memory,2D,100,50,10,33.675,33.472,0.39560923480963717,0.28300179818684423,0.8403913828859517,3.644837476099423
cedar (opencv),memory,2D,100,100,10,16.310000000000002,16.423000000000002,0.2419389270961672,0.17307268232137638,1.0611445881138954,4.018754186202278
cedar (opencv),memory,2D,200,5,10,121.785,121.80499999999999,1.4108567137263321,1.0092660934992088,0.8287277525961397,2.865235417265297
cedar (opencv),memory,2D,200,10,10,63.07,63.156,0.5877490016060332,0.42045030727623905,0.6666407282007912,3.0559250110836653
cedar (opencv),memory,2D,200,50,10,12.45,12.336,0.18404105822101505,0.13165504198055228,1.0574702167112633,3.5667963683527844
cedar (opencv),memory,2D,200,100,10,6.16,6.135,0.06004627844883934,0.04295451996621471,0.6973136358151738,3.0969845150774167
cedar (opencv),memory,2D,500,5,10,21.439999999999998,21.418,0.0610646287869569,0.04368300391328467,0.20374535407315614,0.7003455037818591
cedar (opencv),memory,2D,500,10,10,10.879999999999999,10.868,0.07627435858647236,0.05456338916331586,0.5015017386334178,2.3003312476996687
cedar (opencv),memory,2D,500,50,10,2.13,2.13,0,0,0,0
cedar (opencv),memory,2D,500,100,10,1.08,1.078,0.004216370213557843,0.003016209550397609,0.2792786620738527,0.9276437847866427
cedar (opencv),multi-peak,1D,100,5,10,14646.505000000001,14408.637999999999,386.24046116376786,276.29978125879563,1.88645537798127,6.614435035428049
cedar (opencv),multi-peak,1D,100,10,10,7336.365,7307.742,53.75189129489091,38.45178664678466,0.5241258667853176,2.2789529241727466
cedar (opencv),multi-peak,1D,100,50,10,1383.7849999999999,1374.743,21.38089232624929,15.294968981397618,1.105299521341655,4.419735179593567
cedar (opencv),multi-peak,1D,100,100,10,676.045,675.797,6.031804686640456,4.3148931380544715,0.6382553140773871,2.459318404787237
cedar (opencv),multi-peak,1D,500,5,10,5161.200000000001,5153.127,42.807103265696554,30.62235694571542,0.5933185488978419,2.907943079997841
cedar (opencv),multi-peak,1D,500,10,10,2574.69,2566.772,26.583634815427423,19.016786751018202,0.738604909756833,3.638422111508164
cedar (opencv),multi-peak,1D,500,50,10,502.085,500.975,2.5075098315969906,1.7937644748222457,0.3572631078049027,1.3573531613353982
cedar (opencv),multi-peak,1D,500,100,10,249.825,249.24699999999999,1.6420789668384812,1.1746725290770816,0.4701981503360679,2.2347310098015196
cedar (opencv),multi-peak,1D,1000,5,10,2860.71,2856.232,15.55968422987215,11.130727568561886,0.38908968642616293,1.793621806631955
cedar (opencv),multi-peak,1D,1000,10,10,1425.545,1423.954,9.402274192981178,6.725981775778843,0.47181827131229404,2.331535990628914
cedar (opencv),multi-peak,1D,1000,50,10,281.26,281.10699999999997,1.25767907936273,0.8996894149169564,0.31987819630127157,1.4229457110637589
cedar (opencv),multi-peak,1D,1000,100,10,140.32999999999998,140.369,0.26614323628870307,0.19038740205650614,0.13567120505701288,0.6126708888714842
cedar (opencv),multi-peak,2D,100,5,10,885.905,884.8969999999999,9.574878067108743,6.849455149133288,0.7731591027405069,3.0376416690304064
cedar (opencv),multi-peak,2D,100,10,10,439.355,438.18,2.7639303737813536,1.977196680506572,0.45002257411582247,2.012871422702997
cedar (opencv),multi-peak,2D,100,50,10,87.08500000000001,87.038,0.2149832034782657,0.15378971927587395,0.1765972547234012,0.8272248902778084
cedar (opencv),multi-peak,2D,100,100,10,41.675,41.355,0.6756108347266204,0.48330287637029323,1.1596949642958447,4.642727602466453
cedar (opencv),multi-peak,2D,200,5,10,241.15,241.652,2.948524301333734,2.1092472213814157,0.8746619205396705,4.2706040090709045
cedar (opencv),multi-peak,2D,200,10,10,118.58500000000001,118.784,0.832415494543169,0.595474172658442,0.5021496586064359,2.458243534482748
cedar (opencv),multi-peak,2D,200,50,10,23.33,23.164,0.3823959553482051,0.27354958747358843,1.1725228781551156,3.712657572094627
cedar (opencv),multi-peak,2D,200,100,10,11.65,11.643,0.03301514803843815,0.02361761415094057,0.20272630172481174,1.0306622004637913
cedar (opencv),multi-peak,2D,500,5,10,35.379999999999995,35.363,0.15114746294779674,0.10812438143965156,0.3056087660815477,1.244238328196131
cedar (opencv),multi-peak,2D,500,10,10,17.755,17.767,0.05250396810400759,0.037559076174065335,0.2115408401805989,0.9005459559858172
cedar (opencv),multi-peak,2D,500,50,10,3.48,3.4770000000000003,0.00948683298050516,0.006786471488394631,0.1950135485170871,0.8628127696289976
cedar (opencv),multi-peak,2D,500,100,10,1.76,1.7610000000000001,0.008755950357709139,0.006263629556723545,0.35588804299565596,1.1357183418512218
cedar (opencv),selection,1D,100,5,10,11672.494999999999,11622.512,99.2878948423332,71.02628125475219,0.6084927108964467,2.63540274253966
cedar (opencv),selection,1D,100,10,10,5820.535,5805.068,59.57439864013187,42.61695748626771,0.7321828231643261,3.7885861113082617
cedar (opencv),selection,1D,100,50,10,1122.7649999999999,1120.565,9.018462852516636,6.451419682787676,0.5746010681476245,2.6825753079919656
cedar (opencv),selection,1D,100,100,10,554.625,553.057,4.20670905947999,3.00929837710837,0.5425825336233258,2.261972997358318
cedar (opencv),selection,1D,500,5,10,4141.725,4134.948,37.716038969589086,26.980428942754266,0.6514297531283285,2.9973774760891803
cedar (opencv),selection,1D,500,10,10,2080.875,2075.105,17.256289191673478,12.34440564469056,0.5932314840963806,2.7627517643685358
cedar (opencv),selection,1D,500,50,10,406.54999999999995,406.459,2.279119956864443,1.6303842006785427,0.40102919706765294,1.9288538327358908
cedar (opencv),selection,1D,500,100,10,202.04,201.926,0.7358321064542429,0.5263825789869839,0.2605338442818174,1.1142695839069758
cedar (opencv),selection,1D,1000,5,10,2317.14,2312.163,11.737431149957784,8.3964524314775,0.3623627588957724,1.5232490096935318
cedar (opencv),selection,1D,1000,10,10,1149.8000000000002,1143.348,16.493147937519034,11.798487278300064,1.0261338735693217,4.902269475260372
cedar (opencv),selection,1D,1000,50,10,226.575,226.583,0.7025200669336396,0.5025525814639527,0.22180407435240104,1.0503877166424647
cedar (opencv),selection,1D,1000,100,10,113.355,113.239,0.4350849214680862,0.31124100325589976,0.2745719229464071,1.3599554923657098
cedar (opencv),selection,2D,100,5,10,895.5799999999999,894.539,4.964159210447086,3.5511455735312047,0.39651907965019373,1.4420835760095398
cedar (opencv),selection,2D,100,10,10,438.945,437.986,5.443867497775204,3.8943082097227344,0.8871973048383589,4.011543747973678
cedar (opencv),selection,2D,100,50,10,84.355,84.37,0.6143831594914262,0.43950323605426805,0.521016224354535,2.1334597605784014
cedar (opencv),selection,2D,100,100,10,40.745,40.734,0.38248311509572996,0.273611937800903,0.6715227335891594,2.896842932194235
cedar (opencv),selection,2D,200,5,10,239.01999999999998,239.11,0.8530859016274734,0.6102608911154243,0.2553179194692596,1.2504704947513734
cedar (opencv),selection,2D,200,10,10,119.18,119.112,0.37782418015673946,0.27027913651782814,0.22678229276542047,0.9990597085096361
cedar (opencv),selection,2D,200,50,10,22.84,22.804,0.1092601381006712,0.07815999433762369,0.34220663019975345,1.5786704087002257
cedar (opencv),selection,2D,200,100,10,11.100000000000001,11.091,0.15125034435222517,0.1081979783628054,0.9747565618270755,3.7868542061130643
cedar (opencv),selection,2D,500,5,10,33.504999999999995,33.507,0.07717944458640946,0.05521084868386823,0.1647839089206633,0.7162682424568061
cedar (opencv),selection,2D,500,10,10,17.07,16.986,0.16860209567697207,0.12061067350364871,0.7065651640518378,2.5903685387966635
cedar (opencv),selection,2D,500,50,10,3.37,3.366,0.022705848487901848,0.01624278552174416,0.4819817662238623,2.376708259061202
cedar (opencv),selection,2D,500,100,10,1.67,1.674,0.01074967699773141,0.007689855677281165,0.46047039983719557,1.7921146953405034
cosivina,detection,1D,100,5,10,13696.83,13698.145,1860.1619242376007,1330.679678727048,9.715238334176943,39.86744190545508
cosivina,detection,1D,100,10,10,8458.75,8280.993,410.0953328746324,293.3645284782068,3.4681782589414136,13.74702285100349
cosivina,detection,1D,100,50,10,1697.94,1670.246,68.3816280070085,48.917269836330554,2.880977527847306,13.62014936721896
cosivina,detection,1D,100,100,10,867.255,858.729,18.935936118044594,13.54595267306254,1.5619342261575362,5.941338885725297
cosivina,detection,1D,500,5,10,9763.185000000001,9668.917,322.31198733352915,230.56810601616945,2.3616074674009497,9.7875491122739
cosivina,detection,1D,500,10,10,4831.995,4829.707,80.55386356000841,57.624762600270685,1.1925666851946388,5.046475904231881
cosivina,detection,1D,500,50,10,948.0899999999999,948.289,13.518959073998424,9.670880735119555,1.020038259566028,4.392120967342232
cosivina,detection,1D,500,100,10,477.54,475.187,9.071289324015632,6.489209463992545,1.358882913262249,6.849934867746804
cosivina,detection,1D,1000,5,10,6521.5650000000005,6487.909,173.1114897945507,123.83649972740207,1.8988770291701773,8.761682693145048
cosivina,detection,1D,1000,10,10,3292.825,3254.791,87.35684294890693,62.49132088729533,1.8978026736099045,8.016797391906264
cosivina,detection,1D,1000,50,10,634.335,636.006,7.145206940475714,5.111373129458826,0.805784503371062,3.1540582950475406
cosivina,detection,1D,1000,100,10,316.615,314.926,4.186592886823374,2.994908134076762,0.9459147968595176,3.5976705638785114
cosivina,detection,2D,100,5,10,793.115,771.182,71.03115557431278,50.81262767916132,6.4067162617226145,27.549916880840065
cosivina,detection,2D,100,10,10,419.275,418.387,3.8772414305935414,2.7736114334906694,0.6615255938204447,2.7821132109745252
cosivina,detection,2D,100,50,10,80.785,80.662,0.7090964516747913,0.5072570437048556,0.6279099383609031,2.4298926384171082
cosivina,detection,2D,100,100,10,37.82,37.84,0.10954451150103232,0.07836342281344637,0.20720101219843037,0.9249471458773634
cosivina,detection,2D,200,5,10,271.845,272.195,2.1720868102152697,1.5538173000552855,0.5715820780427395,2.6782270063741143
cosivina,detection,2D,200,10,10,133.74,133.992,1.0953416514190095,0.783560214739901,0.5858832172423366,2.649411905188357
cosivina,detection,2D,200,50,10,23.595,23.613,0.06360468186820495,0.04550004842648753,0.1928376708052025,0.9316901706686946
cosivina,detection,2D,200,100,10,11.715,11.72,0.04082482904638621,0.029204323393404157,0.24928999909009097,0.938566552901019
cosivina,detection,2D,500,5,10,23.64,23.608,0.1476331790471087,0.10561041418175283,0.4467445608365179,1.736699423924094
cosivina,detection,2D,500,10,10,11.785,11.783,0.02907843798341925,0.020801461426278648,0.17650794591666225,0.6789442417041507
cosivina,detection,2D,500,50,10,2.315,2.3,0.033333333333333215,0.023845230199022068,1.0300315420743873,3.913043478260864
cosivina,detection,2D,500,100,10,1.15,1.1509999999999998,0.008755950357709139,0.006263629556723545,0.5446634397150909,2.6064291920069533
cosivina,memory,1D,100,5,10,14905.375,14820.745,356.2147444465366,254.82067744840543,1.7095891746997673,7.865596500041001
cosivina,memory,1D,100,10,10,7439.305,7393.327,219.01013183310846,156.67041028435983,2.105981812606955,8.575300402646873
cosivina,memory,1D,100,50,10,1461.99,1463.581,20.288236027587782,14.513329752297762,0.9927106035128668,3.6731824203785095
cosivina,memory,1D,100,100,10,716.3199999999999,714.305,10.798872626343924,7.725048109952694,1.0784353515122702,5.510251223216976
cosivina,memory,1D,500,5,10,7025.389999999999,7008.07,160.4260034339128,114.76184945372309,1.6335299457214916,8.569977183447085
cosivina,memory,1D,500,10,10,3496.205,3495.983,75.41428542097023,53.948129884733866,1.5430482447320413,7.83613650295211
cosivina,memory,1D,500,50,10,694.395,696.7,8.598853928802862,6.15124954140211,0.88584300598393,3.131907564231367
cosivina,memory,1D,500,100,10,348.265,347.521,3.177341481315608,2.2729331712861818,0.6526447306752564,2.972482238483425
cosivina,memory,1D,1000,5,10,4443.815,4403.162,104.63521818414884,74.85152593577814,1.6843978864056706,6.276852861648063
cosivina,memory,1D,1000,10,10,2191.2650000000003,2187.094,45.81542467093115,32.774380438329366,1.4956831071700303,6.80446290831577
cosivina,memory,1D,1000,50,10,402.395,404.971,34.328820237358705,24.55735863062006,6.102799147757816,17.430877766556115
cosivina,memory,1D,1000,100,10,215.87,216.249,1.5258473055977742,1.091525407516099,0.5056401572780372,2.686717626439879
cosivina,memory,2D,100,5,10,365.155,362.089,8.451309497481578,6.045702613518914,1.655653794558178,8.108503710413743
cosivina,memory,2D,100,10,10,177.275,177.90800000000002,4.3284685513470045,3.096399870482918,1.7466647132889115,7.12727926793624
cosivina,memory,2D,100,50,10,34.08,34.1,0.46657141885127174,0.33376508660378873,0.9793576484852957,3.9589442815249307
cosivina,memory,2D,100,100,10,17.23,17.115,0.33120151636797257,0.2369272920017853,1.375085850271534,5.959684487291847
cosivina,memory,2D,200,5,10,107.23,107.434,1.701085927674833,1.2168835660117063,1.1348349958143302,5.454511607126248
cosivina,memory,2D,200,10,10,54.43,54.452,0.5990696490763373,0.42854861062418054,0.7873389870001479,3.434217292294139
cosivina,memory,2D,200,50,10,10.4,10.323,0.16646988382954495,0.11908538103359925,1.145051740707685,4.552940036811011
cosivina,memory,2D,200,100,10,5.16,5.145,0.04403281604540968,0.0314991790474197,0.610449206345343,2.915451895043739
cosivina,memory,2D,500,5,10,12.5,12.475,0.1111805338677197,0.07953376271177867,0.6362701016942294,3.0460921843687436
cosivina,memory,2D,500,10,10,6.155,6.125,0.07472170590486626,0.05345268834495507,0.8684433524769305,3.428571428571428
cosivina,memory,2D,500,50,10,1.22,1.216,0.01074967699773141,0.007689855677281165,0.630316039121407,2.467105263157897
cosivina,memory,2D,500,100,10,0.61,0.607,0.004830458915396484,0.0034555021441364407,0.5664757613338428,1.647446457990117
cosivina,multi-peak,1D,100,5,10,15517.045,14866.585,1523.617659164092,1089.9304145418914,7.024084898522182,28.051163061321752
cosivina,multi-peak,1D,100,10,10,8030.6,8024.246,102.57946244524562,73.3809268709649,0.9137664292950077,3.1862183686791266
cosivina,multi-peak,1D,100,50,10,1589.625,1580.449,19.251539303535058,13.771721591349484,0.8663503399449232,3.6919887955890958
cosivina,multi-peak,1D,100,100,10,778.145,777.205,6.802606118246145,4.866291265285676,0.6253707554871747,2.5360104476939704
cosivina,multi-peak,1D,500,5,10,9444,9454.034,108.46799560751117,77.59332973462884,0.8216150967241512,3.1564303661273048
cosivina,multi-peak,1D,500,10,10,4733.945,4703.553,91.0732484261372,65.14987721081921,1.3762280130170337,5.607675729390106
cosivina,multi-peak,1D,500,50,10,925.5999999999999,919.126,12.037480541117294,8.611094835575749,0.9303257168945278,3.095331869623974
cosivina,multi-peak,1D,500,100,10,458.42999999999995,457.281,6.4647994726999904,4.62463894851145,1.0087993692627992,4.5989227630275415
cosivina,multi-peak,1D,1000,5,10,6357.0599999999995,6389.452,122.90401817859524,87.92023817560222,1.383033008585765,6.646579393663186
cosivina,multi-peak,1D,1000,10,10,3268.205,3253.0860000000002,50.261580025568925,35.954968376287944,1.1001442191137931,4.9672833733876125
cosivina,multi-peak,1D,1000,50,10,640.3299999999999,640.359,3.8656074698695337,2.765288999342959,0.4318537315669982,1.6506365960344196
cosivina,multi-peak,1D,1000,100,10,316.345,316.238,1.7563333017017697,1.2564051565586198,0.3971629570749087,1.865683440952693
cosivina,multi-peak,2D,100,5,10,865.07,866.617,8.139531859320224,5.8226703269329665,0.6730866088215943,3.1824900734696
cosivina,multi-peak,2D,100,10,10,430.015,426.687,10.295876251090911,7.36522617923724,1.7127835492336874,7.558233552932243
cosivina,multi-peak,2D,100,50,10,80.035,79.616,0.9705920300975536,0.6943197116103721,0.8675200994694473,3.843448553054665
cosivina,multi-peak,2D,100,100,10,38.64,38.66,0.24814870093912964,0.17751488692445552,0.45940705725790765,1.9917227108122173
cosivina,multi-peak,2D,200,5,10,302.92,301.974,4.6239790464731,3.307795343958181,1.0919699405645653,5.543523614615831
cosivina,multi-peak,2D,200,10,10,142.555,142.537,2.8574738260685235,2.044113635108536,1.4339122690249628,6.173835565502299
cosivina,multi-peak,2D,200,50,10,25.045,24.948,0.40922148308980855,0.2927394139998521,1.1688537193046598,5.050505050505056
cosivina,multi-peak,2D,200,100,10,12.614999999999998,12.623,0.07631076813486616,0.05458943498520264,0.43273432409990203,2.138952705379067
cosivina,multi-peak,2D,500,5,10,25.86,25.789,0.20572095447744512,0.1471639054883171,0.569079294231698,2.3265733452246997
cosivina,multi-peak,2D,500,10,10,12.05,12.02,0.18275666882497058,0.13073624515613638,1.0849480925820445,3.494176372712146
cosivina,multi-peak,2D,500,50,10,2.355,2.3529999999999998,0.024060109910158126,0.017211565782644843,0.7308520502184647,3.3999150021249505
cosivina,multi-peak,2D,500,100,10,1.17,1.1709999999999998,0.007378647873726225,0.005278366713195815,0.4511424541193005,1.7079419299743825
cosivina,selection,1D,100,5,10,15207.310000000001,15074.688,439.2566149707427,314.225253012618,2.066277684959523,8.828507760823964
cosivina,selection,1D,100,10,10,7491.58,7480.879,126.28582215223791,90.33943500278653,1.2058796008690627,5.167039862561605
cosivina,selection,1D,100,50,10,1498.505,1489.934,30.56794188543142,21.866988329053303,1.4592536113695516,6.904332675138638
cosivina,selection,1D,100,100,10,736.175,734.048,8.434895507486885,6.033960752421677,0.8196367375178019,3.441191856663339
cosivina,selection,1D,500,5,10,8870.88,8848.264,111.48252989195728,79.7497976532927,0.8990066109934156,4.120130231195649
cosivina,selection,1D,500,10,10,4385.24,4373.335,66.8689202428486,47.83514389052333,1.0908215716933012,5.1402419435053615
cosivina,selection,1D,500,50,10,860.985,852.923,21.27373552842408,15.218313626051652,1.7675468940866161,7.347673822842151
cosivina,selection,1D,500,100,10,426.65,422.733,12.641379188117805,9.043097903213905,2.1195588663339753,9.906962550829956
cosivina,selection,1D,1000,5,10,6113.665,6083.3,97.70986166537485,69.8974243237642,1.1432982396608942,4.719642299409869
cosivina,selection,1D,1000,10,10,3003.26,3002.675,38.46494370780291,27.516163119149674,0.9162098226310633,4.068372367971902
cosivina,selection,1D,1000,50,10,588,587.091,8.963095261496802,6.411812094184678,1.0904442337048772,5.544285298190562
cosivina,selection,1D,1000,100,10,290.78999999999996,291.254,1.3904531635405761,0.9946702729675092,0.3420579363002543,1.6137117430146841
cosivina,selection,2D,100,5,10,740.275,738.399,8.167482204177478,5.842664799150866,0.7892559925907082,3.7811535497745896
cosivina,selection,2D,100,10,10,370.645,369.007,4.705006907540097,3.365759183948489,0.9080816371321585,3.417279347004261
cosivina,selection,2D,100,50,10,70.47999999999999,70.239,0.9599357617396402,0.6866966764486622,0.9743142401371486,4.114523270547702
cosivina,selection,2D,100,100,10,33.36,33.339,0.2384417003052208,0.17057091698472723,0.5113037079877916,2.309607366747662
cosivina,selection,2D,200,5,10,206.34,207.019,2.3419813548930524,1.675352535877279,0.8119378384594742,3.2557398113216705
cosivina,selection,2D,200,10,10,101.63,101.301,1.122689726604025,0.8031238491885068,0.7902428900801997,3.0009575423737243
cosivina,selection,2D,200,50,10,18.064999999999998,18.041,0.24200321393641766,0.1731186703565126,0.9583098276031699,4.101768194667712
cosivina,selection,2D,200,100,10,9.14,9.148,0.06425643072011455,0.04596628146865952,0.5029133639897103,2.186270222999555
cosivina,selection,2D,500,5,10,17.11,17.102,0.16890496999463608,0.12082733673843081,0.7061796419545927,3.62530698163958
cosivina,selection,2D,500,10,10,8.39,8.392,0.015491933384829898,0.011082261533675562,0.132088933655251,0.4766444232602589
cosivina,selection,2D,500,50,10,1.66,1.653,0.01636391694484472,0.01170604099522505,0.7051831924834369,3.629764065335743
cosivina,selection,2D,500,100,10,0.83,0.828,0.004216370213557843,0.003016209550397609,0.3633987410117602,1.207729468599035
cosivina (fft),detection,1D,100,5,10,17031.25,16778.87,1309.3521272666796,936.6540865875999,5.499620324918018,21.63262484303175
cosivina (fft),detection,1D,100,10,10,9148.555,9109.054,253.8724914510344,181.60943999547595,1.9851161193814317,10.339273430588944
cosivina (fft),detection,1D,100,50,10,1763.03,1764.9470000000001,42.83394086469281,30.64155540749707,1.7380053321552709,7.17868581889428
cosivina (fft),detection,1D,100,100,10,863.595,863.25,19.06926730515768,13.641332058545153,1.5795983138560499,7.637416739067471
cosivina (fft),detection,1D,500,5,10,10246.795,10232.803,450.54158140940655,322.2980316881634,3.1453545395234643,11.956547976150814
cosivina (fft),detection,1D,500,10,10,5188.055,5179.102,169.45313457643013,121.21947005762571,2.3365108900662332,10.558007932649318
cosivina (fft),detection,1D,500,50,10,1013.4000000000001,1014.604,15.959331787738222,11.41661820903569,1.1265658386654518,5.199072741680508
cosivina (fft),detection,1D,500,100,10,513.24,511.036,6.6130094006687665,4.730661944017328,0.9217251079450799,4.481093308494907
cosivina (fft),detection,1D,1000,5,10,7144.215,7116.839,90.41595157320897,64.67967536780421,0.9053433493785421,3.4345304144157174
cosivina (fft),detection,1D,1000,10,10,3542.805,3520.445,62.70152297459234,44.85396747475293,1.2660580380447959,5.709505474449963
cosivina (fft),detection,1D,1000,50,10,692.465,691.622,4.462216190788324,3.1920771680145408,0.46097306983234393,1.9837425645800781
cosivina (fft),detection,1D,1000,100,10,339.45500000000004,339.479,1.7521634246458393,1.2534222062096114,0.36924546882785975,1.6230753595951417
cosivina (fft),detection,2D,100,5,10,925.485,896.624,79.77514667279945,57.06770209720978,6.1662481938885865,27.536626278127727
cosivina (fft),detection,2D,100,10,10,481.825,481.319,4.968351951211903,3.5541448795922617,0.7376422725247261,3.2868014767752762
cosivina (fft),detection,2D,100,50,10,92.43,92.162,0.8980695345511321,0.6424402435830129,0.6950559813729448,2.8319697923222145
cosivina (fft),detection,2D,100,100,10,43.435,43.322,0.5059161107447667,0.3619105836630885,0.8332233997078128,3.0700337011218277
cosivina (fft),detection,2D,200,5,10,253.075,249.424,13.650779546319773,9.765179420342946,3.8586108546252875,15.748284046443015
cosivina (fft),detection,2D,200,10,10,126.425,125.939,1.8489723872705313,1.322675166183041,1.0462133013114818,5.177109553037578
cosivina (fft),detection,2D,200,50,10,23.005000000000003,22.968,0.13862819979274663,0.09916864008402236,0.4310742885634529,2.046325322187386
cosivina (fft),detection,2D,200,100,10,11.45,11.44,0.12534397117975427,0.08966567540522517,0.7831063354168137,3.9335664335664275
cosivina (fft),detection,2D,500,5,10,21.034999999999997,21.056,0.14167254889748787,0.10134643624028462,0.48179907886990564,1.947188449848025
cosivina (fft),detection,2D,500,10,10,10.49,10.474,0.05168279318217151,0.03697164302271998,0.3524465493109626,1.6230666412067971
cosivina (fft),detection,2D,500,50,10,2.065,2.07,0.014142135623730928,0.010116674383609673,0.4899115924266185,1.932367149758456
cosivina (fft),detection,2D,500,100,10,1.04,1.041,0.007378647873726225,0.005278366713195815,0.507535260884213,1.9212295869356406
cosivina (fft),memory,1D,100,5,10,17153.425000000003,16942.623,646.6519167054935,462.58691437444173,2.696761226253309,12.069559713392653
cosivina (fft),memory,1D,100,10,10,8309.494999999999,8310.873,396.73231272063856,283.8051997264222,3.415432583164467,15.903503759472676
cosivina (fft),memory,1D,100,50,10,1715.2849999999999,1711.373,34.17215307169795,24.445285691725786,1.4251442583434115,7.976636303132047
cosivina (fft),memory,1D,100,100,10,809.66,810.376,18.31399052333731,13.101039596750653,1.6180914947941918,7.54711393229809
cosivina (fft),memory,1D,500,5,10,9021.055,8945.613000000001,208.1081816988461,148.87162496726742,1.6502684549342335,7.161499161656103
cosivina (fft),memory,1D,500,10,10,4471.615,4436.918,124.33559665500286,88.94432772513937,1.9890873370167015,7.497997483839014
cosivina (fft),memory,1D,500,50,10,860.55,865.02,17.669063359442678,12.639686496210553,1.4687916444379236,5.477330003930545
cosivina (fft),memory,1D,500,100,10,433.16499999999996,433.442,4.9786651490803004,3.5615224969100616,0.8222092036314249,3.5806405470628224
cosivina (fft),memory,1D,1000,5,10,5735.645,5725.235,82.65600983056879,59.128547452276536,1.0308962192094617,4.859538516759563
cosivina (fft),memory,1D,1000,10,10,2851.28,2838.034,49.32989136641419,35.288478459747054,1.2376363759345645,4.962237943590525
cosivina (fft),memory,1D,1000,50,10,562.085,560.702,4.771745080273157,3.4135007967049464,0.6072926330901814,2.9409561585298447
cosivina (fft),memory,1D,1000,100,10,277.495,277.483,1.340398365329425,0.958863227390194,0.3455425241500546,1.5568521314819466
cosivina (fft),memory,2D,100,5,10,1015.025,1014.1899999999999,12.134486208964727,8.680488509988708,0.8551994788294581,3.583155030122553
cosivina (fft),memory,2D,100,10,10,494.575,494.688,3.627692256946714,2.595094708743139,0.5247120676829882,2.3792774435603934
cosivina (fft),memory,2D,100,50,10,93.695,93.496,0.6286175307768643,0.4496858918554567,0.4799465199375172,2.117737657225982
cosivina (fft),memory,2D,100,100,10,44.17,44.236000000000004,0.3217728667519648,0.2301824423849965,0.5211284636291521,2.4414504023871917
cosivina (fft),memory,2D,200,5,10,261.895,261.886,2.529700026133977,1.8096383837291112,0.6909785920804564,3.092948840335116
cosivina (fft),memory,2D,200,10,10,127.745,127.447,1.0707738634588857,0.7659854779582034,0.5996207115411197,2.5579260398440176
cosivina (fft),memory,2D,200,50,10,23.34,23.439,0.23913966165773887,0.17107020845835166,0.7329486223579763,3.071803404582102
cosivina (fft),memory,2D,200,100,10,11.600000000000001,11.589,0.11337744239682122,0.08110533639985729,0.6991839344815283,3.2789714384330035
cosivina (fft),memory,2D,500,5,10,21.755,21.83,0.19680785892167307,0.1407878610289191,0.647151739962855,2.24461749885478
cosivina (fft),memory,2D,500,10,10,10.73,10.729,0.07218032973047436,0.05163469734793452,0.48121805543275414,2.3301332836238235
cosivina (fft),memory,2D,500,50,10,2.11,2.114,0.011737877907772708,0.008396772022765705,0.39795128069979646,1.8921475875118277
cosivina (fft),memory,2D,500,100,10,1.06,1.06,0.006666666666666672,0.004769046039804435,0.44991000375513535,1.8867924528301903
cosivina (fft),multi-peak,1D,100,5,10,16097.54,16006.204,295.12144947085415,211.11716697904805,1.3114871401409658,6.56133084396526
cosivina (fft),multi-peak,1D,100,10,10,7982.77,7984.069,129.47840870628247,92.6232738421314,1.160289897393153,4.951485263967532
cosivina (fft),multi-peak,1D,100,50,10,1587.255,1584.471,15.437971549253351,11.043659561937027,0.6957709732800984,3.688928355268102
cosivina (fft),multi-peak,1D,100,100,10,769.4300000000001,765.173,8.75351364373819,6.2618864365565505,0.8138344536288616,3.5103172746555225
cosivina (fft),multi-peak,1D,500,5,10,9723.765,9610.101999999999,345.40421794375004,247.08729265745814,2.5410660650217087,11.82224704795018
cosivina (fft),multi-peak,1D,500,10,10,4854.125,4826.688,88.68052257651878,63.43822425020015,1.3068930909319423,5.814960486362493
cosivina (fft),multi-peak,1D,500,50,10,950.385,948.61,12.346750359687546,8.832333136098274,0.9293426491472692,4.34846775808815
cosivina (fft),multi-peak,1D,500,100,10,472.95500000000004,473.058,2.74906772076159,1.966564579027838,0.41580374010800986,1.8348701427731922
cosivina (fft),multi-peak,1D,1000,5,10,6714.615,6486.901,666.3038091583217,476.64503135596516,7.098620417640702,33.69498008371024
cosivina (fft),multi-peak,1D,1000,10,10,3312.56,3314.45,45.76035571928564,32.734986483465185,0.988208107429456,4.7338170737226415
cosivina (fft),multi-peak,1D,1000,50,10,641.645,639.812,5.30717920472931,3.7965272953270115,0.5916865705065903,2.621082442967619
cosivina (fft),multi-peak,1D,1000,100,10,321.75,320.812,2.425438333809189,1.7350540620963855,0.5392553417548984,2.4812039449895824
cosivina (fft),multi-peak,2D,100,5,10,958.84,958.616,6.782066548380854,4.851598142136872,0.5059862064720779,2.366954025386593
cosivina (fft),multi-peak,2D,100,10,10,468.47,460.013,19.0242190962526,13.609106511203295,2.905011315816017,11.364896209454944
cosivina (fft),multi-peak,2D,100,50,10,88.88,88.68599999999999,0.7336090390815949,0.5247922923895222,0.5904503739756101,2.4355591637913503
cosivina (fft),multi-peak,2D,100,100,10,41.629999999999995,41.629,0.44960352904902107,0.3216269894539996,0.7725846491808783,3.867496216579787
cosivina (fft),multi-peak,2D,200,5,10,255.47,255.02100000000002,3.959675772360943,2.832581409163126,1.1087726187666362,4.5878574705612545
cosivina (fft),multi-peak,2D,200,10,10,122.105,121.762,1.7616141587885938,1.2601828541451237,1.0320485272061943,4.746965391501455
cosivina (fft),multi-peak,2D,200,50,10,22.494999999999997,22.54,0.1697056274847717,0.12140009260331647,0.5396758951025404,2.4401064773735612
cosivina (fft),multi-peak,2D,200,100,10,11.17,11.155,0.09501461875826162,0.0679693636968923,0.6084992273669857,2.8686687584043056
cosivina (fft),multi-peak,2D,500,5,10,20.235,20.084,0.4613795737905078,0.3300510643848416,1.631090014256692,5.775741884086836
cosivina (fft),multi-peak,2D,500,10,10,10.120000000000001,10.102,0.0902835040918948,0.0645849281473677,0.638190989598495,2.969708968521092
cosivina (fft),multi-peak,2D,500,50,10,1.99,1.9849999999999999,0.012692955176439858,0.009079993142642349,0.45628106244433914,2.0151133501259464
cosivina (fft),multi-peak,2D,500,100,10,0.99,0.992,0.006324555320336764,0.004524314325596413,0.4570014470299408,2.0161290322580663
cosivina (fft),selection,1D,100,5,10,15571.744999999999,15534.471,652.555638503977,466.8101825339165,2.997802638907306,15.026002494709985
cosivina (fft),selection,1D,100,10,10,7986.025,7881.6849999999995,310.88230585616225,222.39180443829008,2.784762186923909,13.047463835461576
cosivina (fft),selection,1D,100,50,10,1583.375,1565.7,35.32793983992461,25.272085738206247,1.596089728472803,5.34968384748036
cosivina (fft),selection,1D,100,100,10,754.7,754.625,10.897476007467652,7.795584719591612,1.0329382164557588,5.437137651151231
cosivina (fft),selection,1D,500,5,10,9342.27,9295.923999999999,245.95685521380906,175.9469349480252,1.8833424312081024,9.46629942327411
cosivina (fft),selection,1D,500,10,10,4691.41,4699.606,98.41166091700936,70.39946126502599,1.5006034702792124,7.299122522185897
cosivina (fft),selection,1D,500,50,10,922.755,921.602,10.447330121455256,7.473569751338359,0.8099191823765094,3.6393150188476113
cosivina (fft),selection,1D,500,100,10,461.27,461.18399999999997,3.632667217226368,2.598653580936119,0.5633693023470242,2.131470302525682
cosivina (fft),selection,1D,1000,5,10,6436.17,6393.589,187.69695471690522,134.27031278640126,2.086183441183208,9.57146291386575
cosivina (fft),selection,1D,1000,10,10,3201.49,3178.768,76.81537430025902,54.9504084904118,1.716401066078976,7.994606715557729
cosivina (fft),selection,1D,1000,50,10,625.325,621.61,14.209573455166693,10.164916502050932,1.625541358821562,6.954521323659532
cosivina (fft),selection,1D,1000,100,10,313.865,313.30899999999997,3.065222304789297,2.192727944066341,0.6986213639833498,3.2396132891171447
cosivina (fft),selection,2D,100,5,10,985.585,988.698,7.649637318926376,5.472220884264903,0.5552256664077582,2.4294577312789123
cosivina (fft),selection,2D,100,10,10,486.05,480.718,14.928044301470521,10.678879583692963,2.197074289413221,9.46292836964706
cosivina (fft),selection,2D,100,50,10,91.30000000000001,91.211,0.8788433054621028,0.6286866278284016,0.6885943349708669,2.8724605584852756
cosivina (fft),selection,2D,100,100,10,42.565,42.699,0.7273918399933353,0.5203447760859411,1.2224709881027631,5.058666479308658
cosivina (fft),selection,2D,200,5,10,258.185,255.523,6.6193186121298755,4.735175282007262,1.834024161747298,8.44933724165731
cosivina (fft),selection,2D,200,10,10,123.61,123.582,1.1575433757171527,0.8280566477798609,0.6698945455706341,3.560389053422013
cosivina (fft),selection,2D,200,50,10,22.770000000000003,22.793,0.15420404952169325,0.11031093175398564,0.48445731995601943,2.193655947001272
cosivina (fft),selection,2D,200,100,10,11.325,11.332,0.08390470785361226,0.06002181220653259,0.5299939267684998,2.2061418990469464
cosivina (fft),selection,2D,500,5,10,20.43,20.281,0.3571943137534213,0.2555214191169623,1.2507166868182198,5.76894630442285
cosivina (fft),selection,2D,500,10,10,10.129999999999999,10.09,0.18559214542766733,0.13276462292559374,1.3106083210818733,6.045589692765108
cosivina (fft),selection,2D,500,50,10,2,1.9949999999999999,0.0236877840059198,0.016945219875776185,0.8472609937888093,4.010025062656646
cosivina (fft),selection,2D,500,100,10,1,0.998,0.004216370213557843,0.003016209550397609,0.30162095503976094,1.002004008016033
cosivina-python (fft),detection,1D,100,5,10,6313.21,6318.3279999999995,43.908188504853804,31.410025875608923,0.4975286086730668,1.8981287454529157
cosivina-python (fft),detection,1D,100,10,10,3141.105,3134.001,25.220508167406546,18.041664689643824,0.5743731804458566,2.6955958214435802
cosivina-python (fft),detection,1D,100,50,10,626.1099999999999,624.761,5.94895966628712,4.255629380619432,0.679693565127443,3.0875806908561776
cosivina-python (fft),detection,1D,100,100,10,312.1,311.938,1.354111434771087,0.9686729663173422,0.3103726261830638,1.432977065955423
cosivina-python (fft),detection,1D,500,5,10,4066.27,4069.596,38.83554734747247,27.781276992165157,0.6832127967932566,2.976216803830145
cosivina-python (fft),detection,1D,500,10,10,2020.9850000000001,2021.058,22.749325167036382,16.273886864411722,0.8052453068385822,3.536761438810762
cosivina-python (fft),detection,1D,500,50,10,401.845,401.103,2.245346051032868,1.6062238039003225,0.39971227809237947,1.720256392996307
cosivina-python (fft),detection,1D,500,100,10,200.995,200.981,0.6789280767013068,0.48567588832566094,0.24163580602784196,1.0996064304586046
cosivina-python (fft),detection,1D,1000,5,10,2958.39,2962.929,23.81779887675052,17.038226911503823,0.5759290327341501,2.4283403348510975
cosivina-python (fft),detection,1D,1000,10,10,1402.9,1400.268,59.672180341149534,42.68690630136825,3.0427618719344394,13.286742252197449
cosivina-python (fft),detection,1D,1000,50,10,286.38,285.815,3.191844642557373,2.2833081078388844,0.7973001284443343,3.621223518709663
cosivina-python (fft),detection,1D,1000,100,10,139.91,140.576,1.7127703355156048,1.22524208785278,0.8757358929688943,3.5852492601866754
cosivina-python (fft),detection,2D,100,5,10,529.0699999999999,530.618,7.641340487404316,5.466285688537922,1.0331876100587678,4.587104093717143
cosivina-python (fft),detection,2D,100,10,10,259.44,259.049,1.7334964666822872,1.2400686689169205,0.4779789812353224,2.2042161907592694
cosivina-python (fft),detection,2D,100,50,10,51.045,50.832,0.6842319294897977,0.4894700360461597,0.9588990812932896,3.4033679571923137
cosivina-python (fft),detection,2D,100,100,10,24.43,24.564,0.4431252644569026,0.3169927181393224,1.2975551295101202,5.129457743038585
cosivina-python (fft),detection,2D,200,5,10,137.60000000000002,137.823,1.5686161629495825,1.1221204049831892,0.8154944803656897,3.7221653860386112
cosivina-python (fft),detection,2D,200,10,10,67.06,67.19200000000001,0.6190638093120954,0.44285157122791413,0.6603811083028841,3.378378378378393
cosivina-python (fft),detection,2D,200,50,10,13.05,13.079,0.18870612072744222,0.13499222666130978,1.0344231928069714,3.975839131432063
cosivina-python (fft),detection,2D,200,100,10,6.615,6.5600000000000005,0.09416297927883681,0.0673601375138885,1.01829383996808,3.810975609756097
cosivina-python (fft),detection,2D,500,5,10,20.27,20.192,0.21968664552544404,0.1571543590261558,0.7753051752647054,3.516244057052302
cosivina-python (fft),detection,2D,500,10,10,10.15,10.135,0.05082650227325642,0.03635908940750767,0.35821762963061743,1.6773556980759736
cosivina-python (fft),detection,2D,500,50,10,2.02,2.019,0.016633299933166208,0.011898745976271842,0.5890468305085069,2.4764735017335333
cosivina-python (fft),detection,2D,500,100,10,1.01,1.0070000000000001,0.004830458915396484,0.0034555021441364407,0.34212892516202387,0.9930486593843106
cosivina-python (fft),memory,1D,100,5,10,6748.045,6738.872,82.40506683450957,58.949033647040594,0.8735720293365056,3.8346180191581003
cosivina-python (fft),memory,1D,100,10,10,3377.95,3372.762,37.22786853360731,26.631212850083987,0.7883838674368772,3.2036058281017077
cosivina-python (fft),memory,1D,100,50,10,663.725,663.898,12.206797559829798,8.732216934210104,1.3156377918882223,5.427038490852506
cosivina-python (fft),memory,1D,100,100,10,331.44000000000005,331.759,1.706584958981595,1.2208173360331473,0.36833735699769105,1.9080115384963132
cosivina-python (fft),memory,1D,500,5,10,4621.235000000001,4597.346,72.46755138987693,51.8401633455325,1.1217815875092372,5.317198226977059
cosivina-python (fft),memory,1D,500,10,10,2287.9300000000003,2262.584,71.18839593329494,50.92511065585652,2.225815940866046,9.336227958829385
cosivina-python (fft),memory,1D,500,50,10,451.79999999999995,450.36899999999997,7.4618011677253095,5.3378509963122704,1.1814632572625654,5.304539166772146
cosivina-python (fft),memory,1D,500,100,10,227.265,227.3,1.3272276870730744,0.9494414917431959,0.41776846049466304,1.9841619005719398
cosivina-python (fft),memory,1D,1000,5,10,3487.46,3485.828,21.946952104259644,15.699903752789547,0.450181615066253,2.042269440718247
cosivina-python (fft),memory,1D,1000,10,10,1675.29,1672.371,42.20433638857503,30.19116349747617,1.8021455089850813,9.43989102896426
cosivina-python (fft),memory,1D,1000,50,10,329.705,328.635,2.890464207239609,2.067713532109877,0.6271404837991165,2.802501255191924
cosivina-python (fft),memory,1D,1000,100,10,169.66500000000002,169.838,0.8742844693424022,0.6254254329269853,0.3686237190504731,1.4955428113849623
cosivina-python (fft),memory,2D,100,5,10,552.9649999999999,554.43,4.078006048712191,2.917229789536408,0.527561380835389,2.1517594646754237
cosivina-python (fft),memory,2D,100,10,10,276.53499999999997,276.361,1.4967999198289614,1.0707461595059846,0.38720095449255415,1.9937690195070907
cosivina-python (fft),memory,2D,100,50,10,51.17,51.112,0.4457403329792412,0.31886342546636376,0.623145252035106,2.915166692753173
cosivina-python (fft),memory,2D,100,100,10,25.240000000000002,25.168,0.5320150373814634,0.38058063107107115,1.507847191248301,5.085823267641454
cosivina-python (fft),memory,2D,200,5,10,149.565,148.293,2.408226871926039,1.7227417239764233,1.1518348035813348,4.207885739717996
cosivina-python (fft),memory,2D,200,10,10,72.97,72.906,0.2708094861296007,0.19372543610517678,0.26548641373876497,1.097303376951158
cosivina-python (fft),memory,2D,200,50,10,13.754999999999999,13.666,0.18986544943430025,0.13582156045805072,0.987434100022179,3.805063661642028
cosivina-python (fft),memory,2D,200,100,10,6.71,6.711,0.1181759516803464,0.08453798315419137,1.259880523907472,4.768290865742815
cosivina-python (fft),memory,2D,500,5,10,21.085,21.033,0.23175897441571042,0.16579038286895703,0.7862953894662414,3.851091142490366
cosivina-python (fft),memory,2D,500,10,10,10.405000000000001,10.421,0.16223782268975112,0.11605794687075764,1.1154055441687423,4.8939641109298515
cosivina-python (fft),memory,2D,500,50,10,2.09,2.093,0.012516655570345737,0.008953876001903012,0.4284151197082781,1.9111323459149563
cosivina-python (fft),memory,2D,500,100,10,1.05,1.048,0.004216370213557843,0.003016209550397609,0.2872580524188199,0.9541984732824436
cosivina-python (fft),multi-peak,1D,100,5,10,6293.455,6277.73,100.33038367757241,71.77203284243788,1.1404233897348577,5.549936043761039
cosivina-python (fft),multi-peak,1D,100,10,10,3130.605,3126.899,29.267039272495253,20.936378660894135,0.668764620924522,3.176309820048558
cosivina-python (fft),multi-peak,1D,100,50,10,627.575,628.121,4.706471785389422,3.3668070944344066,0.5364788422793142,2.2256858153126577
cosivina-python (fft),multi-peak,1D,100,100,10,308.57,308.151,2.8797818204394074,2.0600718129401026,0.6676189561331635,2.849252476870097
cosivina-python (fft),multi-peak,1D,500,5,10,4056.585,4045.059,72.68177602092247,51.993410414779945,1.2817039557849754,6.173951974495298
cosivina-python (fft),multi-peak,1D,500,10,10,2012.625,2008.434,24.79760302036375,17.73913657213622,0.8813930350729133,4.588649664365364
cosivina-python (fft),multi-peak,1D,500,50,10,402.015,402.017,2.050273965433243,1.46667764030453,0.3648315710370335,1.4551623438809858
cosivina-python (fft),multi-peak,1D,500,100,10,200.11,200.578,1.1632979937325718,0.8321732535184142,0.41585790491150576,1.710057932574862
cosivina-python (fft),multi-peak,1D,1000,5,10,2953.6949999999997,2948.612,32.53060295919659,23.27099148225102,0.7878603404295644,2.974280780245072
cosivina-python (fft),multi-peak,1D,1000,10,10,1474.465,1462.668,23.385880260438217,16.729250946507523,1.1345980370173265,5.087278863009231
cosivina-python (fft),multi-peak,1D,1000,50,10,291.34000000000003,291.132,1.4336108258519802,1.0255434047475218,0.3520091318553998,1.3773820809804456
cosivina-python (fft),multi-peak,1D,1000,100,10,144.53,144.554,0.876219150669508,0.6268094205751829,0.4336881066734815,2.1721986247353837
cosivina-python (fft),multi-peak,2D,100,5,10,529.16,530.926,13.213271274660869,9.45220485679246,1.7862659416419344,7.7826288409307605
cosivina-python (fft),multi-peak,2D,100,10,10,260.315,260.767,2.04192202484707,1.4607030219279549,0.5611290251917695,2.297069797942228
cosivina-python (fft),multi-peak,2D,100,50,10,50.24,49.821,1.0231481917211325,0.7319161247791097,1.4568394203405848,6.242347604423837
cosivina-python (fft),multi-peak,2D,100,100,10,24.494999999999997,24.672,0.4670427056371702,0.33410222486077396,1.36396090982149,5.390726329442276
cosivina-python (fft),multi-peak,2D,200,5,10,146.56,146.245,2.5443019125532675,1.8200839440193501,1.241869503288312,5.463434647338377
cosivina-python (fft),multi-peak,2D,200,10,10,70.66,70.633,1.2327480593283333,0.881854837562458,1.2480255272607672,4.742825591437422
cosivina-python (fft),multi-peak,2D,200,50,10,13.434999999999999,13.409,0.1674282599271169,0.11977096199351457,0.8914846445367666,3.8034156163770585
cosivina-python (fft),multi-peak,2D,200,100,10,6.65,6.64,0.10317191693694786,0.07380474328307743,1.1098457636552996,3.915662650602407
cosivina-python (fft),multi-peak,2D,500,5,10,20.805,20.835,0.09789450103725583,0.07002950737355336,0.33659941059146053,1.439884809215249
cosivina-python (fft),multi-peak,2D,500,10,10,10.41,10.388,0.05072803301265816,0.03628864874191287,0.3485941281643888,1.540238737004237
cosivina-python (fft),multi-peak,2D,500,50,10,2.07,2.069,0.011972189997378648,0.008564388794217729,0.41373858909264394,1.933301111648141
cosivina-python (fft),multi-peak,2D,500,100,10,1.03,1.032,0.007888106377466161,0.005642811372151661,0.5478457642865691,1.9379844961240327
cosivina-python (fft),selection,1D,100,5,10,6337.745,6284.759,142.75183637269882,102.11851198920441,1.6112751773573155,7.493684324251733
cosivina-python (fft),selection,1D,100,10,10,3149.26,3146.903,27.8325397292051,19.91019950598976,0.6322183467223969,2.831672917786158
cosivina-python (fft),selection,1D,100,50,10,624.835,623.292,7.809225029127755,5.586383054865504,0.8940573199109371,4.500298415509898
cosivina-python (fft),selection,1D,100,100,10,311.075,311.015,3.4343307612659855,2.456772227459113,0.7897684569506109,3.099528961625659
cosivina-python (fft),selection,1D,500,5,10,4079.06,4069.535,44.95322513457726,32.1576000456739,0.7883581032314775,3.6945252958876003
cosivina-python (fft),selection,1D,500,10,10,2031.69,2028.937,20.98248743330705,15.009967289858885,0.7387922020514391,3.108524315934904
cosivina-python (fft),selection,1D,500,50,10,404.035,403.851,2.492969893297723,1.783363229547477,0.4413883028815516,2.084927361824029
cosivina-python (fft),selection,1D,500,100,10,201.23,200.978,1.1259248050676716,0.8054380849088332,0.4002574590810681,1.9405109016907351
cosivina-python (fft),selection,1D,1000,5,10,2968.895,2965.494,24.242049876654946,17.341717794150416,0.5841135437309307,2.924976412024446
cosivina-python (fft),selection,1D,1000,10,10,1472.56,1467.419,17.835937784895634,12.759061268888212,0.8664544241924412,3.3862175697602424
cosivina-python (fft),selection,1D,1000,50,10,293.495,293.46999999999997,0.9609023536933026,0.6873881346779701,0.23420778366853615,1.281221249190715
cosivina-python (fft),selection,1D,1000,100,10,141.96499999999997,141.839,1.7029611465522885,1.2182250167859008,0.8581164489739731,4.244248760919078
cosivina-python (fft),selection,2D,100,5,10,544.81,543.767,8.597102935808612,6.149996956471366,1.128833346757836,4.610430570446542
cosivina-python (fft),selection,2D,100,10,10,270.53999999999996,269.718,1.5657713753929707,1.1200853665585477,0.41401839526818507,1.6906546837808385
cosivina-python (fft),selection,2D,100,50,10,50.825,50.639,0.5956592985927445,0.4261089928539619,0.8383846391617549,4.028515571002585
cosivina-python (fft),selection,2D,100,100,10,24.165,24.302,0.4144822741150162,0.29650275719060293,1.2269925809666995,5.020162949551473
cosivina-python (fft),selection,2D,200,5,10,146.91500000000002,147.04000000000002,0.7418295701245112,0.5306729060418186,0.3612108403102601,1.441784548422201
cosivina-python (fft),selection,2D,200,10,10,71.53999999999999,71.314,0.43553798150486583,0.3115651028820294,0.4355117457115312,1.7808564938160756
cosivina-python (fft),selection,2D,200,50,10,12.925,12.959999999999999,0.13912424503139487,0.09952348947116325,0.7700076554828879,3.086419753086423
cosivina-python (fft),selection,2D,200,100,10,6.585,6.57,0.10402991022884818,0.07441851470971483,1.1301217116129816,3.957382039573817
cosivina-python (fft),selection,2D,500,5,10,20.799999999999997,20.735,0.1591121197981682,0.11382195372125133,0.5472209313521699,2.3631540872920107
cosivina-python (fft),selection,2D,500,10,10,10.385,10.374,0.056803755744375434,0.040634958956809776,0.3912851127280672,1.7351069982648901
cosivina-python (fft),selection,2D,500,50,10,2.07,2.066,0.010749676997731354,0.007689855677281125,0.3714906124290399,1.9361084220716378
cosivina-python (fft),selection,2D,500,100,10,1.03,1.0310000000000001,0.003162277660168382,0.0022621571627982067,0.21962690900953463,0.969932104752668
cosivina-python (nonumba),detection,1D,100,5,10,10304.145,10180.251,338.61864624940193,242.23318708494716,2.35083247649317,10.98312801914215
cosivina-python (nonumba),detection,1D,100,10,10,5127.42,5125.969,43.08852836506101,30.823676334059265,0.6011537251494761,2.379842718518192
cosivina-python (nonumba),detection,1D,100,50,10,987.995,992.946,22.99200353746204,16.447488512625423,1.6647339827251577,7.403222330318062
cosivina-python (nonumba),detection,1D,100,100,10,493.68,493.045,2.611888418579768,1.8684324178558354,0.378470348779743,1.7199241448549358
cosivina-python (nonumba),detection,1D,500,5,10,5568.76,5534.0380000000005,90.24394147716119,64.55662675769976,1.159263943098639,4.578031448284226
cosivina-python (nonumba),detection,1D,500,10,10,2782.625,2771.584,39.74642407395499,28.432878948942385,1.0218006001147257,4.977658984898168
cosivina-python (nonumba),detection,1D,500,50,10,553.5550000000001,552.731,4.674033352232081,3.343602037256436,0.6040234551682192,2.194557569595336
cosivina-python (nonumba),detection,1D,500,100,10,275.94500000000005,275.557,1.125443616239099,0.805093863157238,0.29175881540061893,1.219348446963791
cosivina-python (nonumba),detection,1D,1000,5,10,3605.965,3595.991,43.49863559801493,31.117049375341374,0.8629326511860591,4.154070463468905
cosivina-python (nonumba),detection,1D,1000,10,10,1711.315,1729.091,72.45911283076977,51.83412676399875,3.028906236665883,14.308674326568127
cosivina-python (nonumba),detection,1D,1000,50,10,344.375,343.253,3.699801946651266,2.646678873260692,0.7685455893315984,3.2658126804427163
cosivina-python (nonumba),detection,1D,1000,100,10,172.005,172.00900000000001,1.0102854382137094,0.7227146652277763,0.42017073063444454,1.5638716578783654
cosivina-python (nonumba),detection,2D,100,5,10,100.01,100.395,1.1631685652179178,0.832080665936627,0.8319974661900079,2.988196623337816
cosivina-python (nonumba),detection,2D,100,10,10,51.7,51.215,0.9516681260934527,0.6807823661931127,1.3167937450543765,4.412769696378024
cosivina-python (nonumba),detection,2D,100,50,10,10.295,10.256,0.08983936281558956,0.06426720861813613,0.6242565188745617,2.437597503900156
cosivina-python (nonumba),detection,2D,100,100,10,5.05,5.049,0.06402256546631739,0.04579898434428913,0.9069105810750324,3.9611804317686703
cosivina-python (nonumba),detection,2D,200,5,10,40.815,40.778,0.4796943471281128,0.3431526639731848,0.8407513511532153,3.604884987002793
cosivina-python (nonumba),detection,2D,200,10,10,20.21,20.225,0.2670934085463148,0.19106711434285045,0.9454087795291957,4.054388133498147
cosivina-python (nonumba),detection,2D,200,50,10,4.03,4.022,0.045655716448703774,0.03266013205861871,0.8104251131170894,4.47538538040775
cosivina-python (nonumba),detection,2D,200,100,10,1.99,1.996,0.015055453054181565,0.010770022314825918,0.5412071514987898,2.004008016032066
cosivina-python (nonumba),detection,2D,500,5,10,9.73,9.683,0.12649549838279284,0.0904894283423319,0.9300044022850142,4.337498709077765
cosivina-python (nonumba),detection,2D,500,10,10,4.745,4.752,0.08638415492567046,0.06179550179251818,1.3023288049002777,4.840067340067349
cosivina-python (nonumba),detection,2D,500,50,10,0.95,0.949,0.008755950357709139,0.006263629556723545,0.659329427023531,2.107481559536356
cosivina-python (nonumba),detection,2D,500,100,10,0.47,0.471,0.003162277660168382,0.0022621571627982067,0.4813100346379164,2.1231422505307878
cosivina-python (nonumba),memory,1D,100,5,10,9573.415,9559.945,141.42431483934365,101.16886029249402,1.056768773655942,3.836946760676965
cosivina-python (nonumba),memory,1D,100,10,10,4745.305,4727.127,81.09389976372387,58.011081228072726,1.2224942596539679,5.1024649856033015
cosivina-python (nonumba),memory,1D,100,50,10,944.685,944.883,11.036811183992922,7.895259100363606,0.8357557387238715,3.9782703255323706
cosivina-python (nonumba),memory,1D,100,100,10,474.16499999999996,473.778,3.8382079151603965,2.745688538661257,0.5790576146829177,2.963413244177645
cosivina-python (nonumba),memory,1D,500,5,10,5908.04,5879.366,94.7028319651647,67.74632486125998,1.146680199546042,5.578832819729202
cosivina-python (nonumba),memory,1D,500,10,10,2941.23,2926.171,36.65879656447488,26.22412328697078,0.8916039645648515,3.310127808661904
cosivina-python (nonumba),memory,1D,500,50,10,583.8,582.163,4.855432352873747,3.4733670651016277,0.5949583873075759,2.568009303236367
cosivina-python (nonumba),memory,1D,500,100,10,288.07,287.569,3.8421014215313636,2.7484737853321684,0.9540992763328943,4.232027791590893
cosivina-python (nonumba),memory,1D,1000,5,10,4078.055,4084.419,27.105125571047108,19.3898387644506,0.47546780915045533,2.152080871232862
cosivina-python (nonumba),memory,1D,1000,10,10,2003.9,1994.211,24.10437648136861,17.243232180063906,0.8604836658547784,3.6992073556910468
cosivina-python (nonumba),memory,1D,1000,50,10,395.635,394.705,3.206729902356399,2.293956381233285,0.5798163411309123,1.9533575708440574
cosivina-python (nonumba),memory,1D,1000,100,10,194.885,195.086,1.9190171095294228,1.3727821419777362,0.7044062611169337,3.270352562459631
cosivina-python (nonumba),memory,2D,100,5,10,56.765,56.31,1.21842338928451,0.8716075859208576,1.5354665479095526,5.753862546616933
cosivina-python (nonumba),memory,2D,100,10,10,28.255,28.05,0.4498394775423284,0.3217957768381403,1.138898520042967,4.028520499108731
cosivina-python (nonumba),memory,2D,100,50,10,5.625,5.627,0.07071853442423084,0.05058899198049771,0.8993598574310704,3.5542918073573873
cosivina-python (nonumba),memory,2D,100,100,10,2.8049999999999997,2.797,0.03973523485382825,0.028424874663052293,1.0133645156168376,3.575259206292459
cosivina-python (nonumba),memory,2D,200,5,10,22.835,22.974,0.35465789462836195,0.253706974179415,1.1110443362356688,4.613911378079578
cosivina-python (nonumba),memory,2D,200,10,10,11.385,11.439,0.18573876517541746,0.13286950837469846,1.167057605399196,4.371011452050005
cosivina-python (nonumba),memory,2D,200,50,10,2.295,2.298,0.013984117975602055,0.010003635367755441,0.4358882513183199,1.7406440382941704
cosivina-python (nonumba),memory,2D,200,100,10,1.15,1.156,0.008432740427115686,0.006032419100795218,0.5245581826778452,1.7301038062283753
cosivina-python (nonumba),memory,2D,500,5,10,6.055,6.021,0.08265725752904089,0.05912944000199512,0.976539058662182,4.6503903006145055
cosivina-python (nonumba),memory,2D,500,10,10,3.0149999999999997,2.999,0.03784471194529315,0.02707247604453596,0.8979262369663669,3.334444814938301
cosivina-python (nonumba),memory,2D,500,50,10,0.6,0.601,0.003162277660168382,0.0022621571627982067,0.37702619379970115,1.6638935108153095
cosivina-python (nonumba),memory,2D,500,100,10,0.3,0.301,0.003162277660168382,0.0022621571627982067,0.7540523875994023,3.3222591362126277
cosivina-python (nonumba),multi-peak,1D,100,5,10,10502.665,10465.972,178.3874708355693,127.61070920086505,1.2150317010098393,4.945360067846541
cosivina-python (nonumba),multi-peak,1D,100,10,10,5253.6,5238.795,62.705187141451354,44.85658866182015,0.8538257321040839,4.364171531812184
cosivina-python (nonumba),multi-peak,1D,100,50,10,1042.165,1039.3400000000001,15.975025647692853,11.427844920135572,1.0965485235193633,4.469182365732092
cosivina-python (nonumba),multi-peak,1D,100,100,10,517.74,516.988,2.9145451331782963,2.084939988782285,0.40270019484341263,1.541621855826446
cosivina-python (nonumba),multi-peak,1D,500,5,10,5872.22,5874.694,35.49492333027678,25.391538531212756,0.43240100900873524,1.5845931720018123
cosivina-python (nonumba),multi-peak,1D,500,10,10,2934.7200000000003,2932.407,24.44437360848329,17.48645147295558,0.5958473541924129,2.9395646647958578
cosivina-python (nonumba),multi-peak,1D,500,50,10,574.85,573.285,7.121378221789496,5.094327090986208,0.886201111765888,3.2933008887377127
cosivina-python (nonumba),multi-peak,1D,500,100,10,287.53,287.699,2.3704169816019083,1.6956941578190632,0.5897451249675036,2.6381739248311713
cosivina-python (nonumba),multi-peak,1D,1000,5,10,3938.65,3920.398,62.82558251045324,44.94271432048253,1.1410690038587468,5.396135800497799
cosivina-python (nonumba),multi-peak,1D,1000,10,10,1966.82,1964.648,12.06731839860592,8.632439552989608,0.43890338480336827,2.231951983256029
cosivina-python (nonumba),multi-peak,1D,1000,50,10,385.68,386.372,2.8653128586208063,2.0497213411809403,0.5314564771782152,2.210305094572061
cosivina-python (nonumba),multi-peak,1D,1000,100,10,192.385,192.387,0.8465098279930846,0.6055566514268925,0.3147629240465174,1.6321269108619534
cosivina-python (nonumba),multi-peak,2D,100,5,10,101.475,101.868,1.4092456611014754,1.0081136158781352,0.993460079702523,4.397848195704249
cosivina-python (nonumba),multi-peak,2D,100,10,10,51.825,52.175,0.8363711297424538,0.598303863615751,1.1544695872952264,4.523239099185447
cosivina-python (nonumba),multi-peak,2D,100,50,10,10.524999999999999,10.446,0.14878769363686575,0.10643630416657943,1.0112712984948165,3.637756078881876
cosivina-python (nonumba),multi-peak,2D,100,100,10,5.175000000000001,5.183,0.053135048069361174,0.03801052358550075,0.7345028712174057,3.665830600038578
cosivina-python (nonumba),multi-peak,2D,200,5,10,42.370000000000005,42.518,0.6454249246297604,0.46170917711949483,1.0897077581295604,5.080201326497005
cosivina-python (nonumba),multi-peak,2D,200,10,10,21.625,21.461,0.3763700897314298,0.269238942890177,1.245035574058622,4.473230511159766
cosivina-python (nonumba),multi-peak,2D,200,50,10,4.225,4.2170000000000005,0.04715223571935196,0.03373067745379508,0.7983592296756232,3.5570310647379735
cosivina-python (nonumba),multi-peak,2D,200,100,10,2.125,2.1229999999999998,0.008232726023485626,0.005889337415864851,0.2771452901583459,0.9420631182289223
cosivina-python (nonumba),multi-peak,2D,500,5,10,10.594999999999999,10.579,0.10027185270276223,0.07173016230539422,0.6770189929721022,3.1193874657340017
cosivina-python (nonumba),multi-peak,2D,500,10,10,5.3,5.284,0.043512450325548506,0.03112693183608662,0.5873006006808796,2.271006813020441
cosivina-python (nonumba),multi-peak,2D,500,50,10,1.06,1.054,0.009660917830792967,0.006911004288272881,0.6519815366295171,2.846299810246682
cosivina-python (nonumba),multi-peak,2D,500,100,10,0.52,0.523,0.004830458915396484,0.0034555021441364407,0.6645196431031617,1.91204588910134
cosivina-python (nonumba),selection,1D,100,5,10,8745.965,8721.527,126.69336473461325,90.63097340356585,1.036260417273175,4.46080141699956
cosivina-python (nonumba),selection,1D,100,10,10,4369.465,4363.022,35.62577618647613,25.48514502556095,0.5832555021166425,2.8083745624019256
cosivina-python (nonumba),selection,1D,100,50,10,867.4300000000001,866.828,7.74263348824762,5.538746336217672,0.6385237236685002,3.166718195535913
cosivina-python (nonumba),selection,1D,100,100,10,435,434.218,4.251608323132948,3.0414173754355116,0.6991764081460947,3.357760387639385
cosivina-python (nonumba),selection,1D,500,5,10,4998.635,4995.383,67.32427596673003,48.16088575227517,0.9634807452889673,4.452111079370684
cosivina-python (nonumba),selection,1D,500,10,10,2509.3900000000003,2510.0280000000002,15.013925980013834,10.740315635535277,0.4280050384968169,2.178461754211518
cosivina-python (nonumba),selection,1D,500,50,10,499.415,498.98900000000003,2.9903379593469186,2.1391589104050426,0.42833293161099334,1.971987358438758
cosivina-python (nonumba),selection,1D,500,100,10,248.24,248.555,1.1637415711593522,0.8324905696939943,0.3353571421583928,1.23513910402124
cosivina-python (nonumba),selection,1D,1000,5,10,3417,3412.498,36.38380372271888,26.027405258528127,0.7617034023566909,3.7983905045512083
cosivina-python (nonumba),selection,1D,1000,10,10,1698.355,1690.949,13.344523179525353,9.546096813359073,0.5620790007600928,2.1739271852669706
cosivina-python (nonumba),selection,1D,1000,50,10,335.53499999999997,335.311,2.173892821645081,1.5551092428038629,0.46347154329767776,2.18006567037765
cosivina-python (nonumba),selection,1D,1000,100,10,167.89499999999998,167.755,1.0713361335785843,0.7663877017713507,0.45646844859665314,1.9790766296086515
cosivina-python (nonumba),selection,2D,100,5,10,67.58,67.09,1.0754740556816988,0.7693477929241823,1.1384252632793463,3.756148457296163
cosivina-python (nonumba),selection,2D,100,10,10,34.05,33.724,0.5805973934951233,0.4153343550253039,1.219777841484006,4.210651168307421
cosivina-python (nonumba),selection,2D,100,50,10,6.72,6.708,0.055337349251859076,0.039585954945427985,0.5890767104974403,2.8324388789505126
cosivina-python (nonumba),selection,2D,100,100,10,3.315,3.32,0.030912061651652403,0.022113156780300496,0.6670635529502412,2.710843373493985
cosivina-python (nonumba),selection,2D,200,5,10,27.53,27.572,0.15368076580293888,0.10993659713199269,0.39933380723571626,1.813433918468011
cosivina-python (nonumba),selection,2D,200,10,10,13.975,13.987,0.1944250784006815,0.1390833225278154,0.9952294993045826,3.6462429398727374
cosivina-python (nonumba),selection,2D,200,50,10,2.77,2.77,0.023570226039551605,0.01686112397268283,0.6087048365589468,2.8880866425992804
cosivina-python (nonumba),selection,2D,200,100,10,1.4,1.399,0.00994428926011754,0.007113715997194994,0.5081225712282139,2.1443888491779863
cosivina-python (nonumba),selection,2D,500,5,10,7.37,7.371,0.0886253036352736,0.06339872299924001,0.860226906366893,4.070004070004067
cosivina-python (nonumba),selection,2D,500,10,10,3.6799999999999997,3.683,0.04347413023856827,0.031099519297227908,0.8450956330768454,3.5297311973934264
cosivina-python (nonumba),selection,2D,500,50,10,0.72,0.722,0.004216370213557843,0.003016209550397609,0.4189179931107791,1.3850415512465386
cosivina-python (nonumba),selection,2D,500,100,10,0.37,0.367,0.004830458915396484,0.0034555021441364407,0.9339194984152543,2.724795640326978
cosivina-python (numba),detection,1D,100,5,10,30943.885000000002,29573.701,3966.814473309086,2837.6881281860396,9.17043263373697,46.12212722377899
cosivina-python (numba),detection,1D,100,10,10,15457.58,15219.384,975.0545870098193,697.5120325158485,4.512427123235646,22.408068552577426
cosivina-python (numba),detection,1D,100,50,10,3136.955,3113.911,62.16133926234936,44.467543325707034,1.417538451323243,6.154639615583107
cosivina-python (numba),detection,1D,100,100,10,1545.755,1546.286,23.020177719171098,16.46764310808107,1.0653462617349494,4.850978408910123
cosivina-python (numba),detection,1D,500,5,10,9381.155,9347.828,149.66186739150083,107.06165039897594,1.1412416743884515,6.123026653892229
cosivina-python (numba),detection,1D,500,10,10,4720.6849999999995,4701.269,84.31353462588972,60.31426926142697,1.2776592647343972,5.071396680343117
cosivina-python (numba),detection,1D,500,50,10,933.62,933.587,9.963946172743675,7.127777705392162,0.7634559783843706,3.190918468230595
cosivina-python (numba),detection,1D,500,100,10,466.595,465.29,3.42237084814347,2.448216621012112,0.5246984260465953,2.2931934922306554
cosivina-python (numba),detection,1D,1000,5,10,5088.6900000000005,5071.611,47.112573799358486,33.70230502542369,0.6622982540776444,3.1076910275650023
cosivina-python (numba),detection,1D,1000,10,10,2531.2,2528.401,24.330846197094395,17.40523885520156,0.6876279573009466,2.4592618022220303
cosivina-python (numba),detection,1D,1000,50,10,502.07,501.317,4.020475510848601,2.8760749219714823,0.5728434126658598,2.609127558012193
cosivina-python (numba),detection,1D,1000,100,10,250.91,250.72,0.7400450436741488,0.5293963327216645,0.21099052756831715,0.9731971920868004
cosivina-python (numba),detection,2D,100,5,10,414.79,413.737,3.309847428507852,2.3677222156923374,0.5708243245238163,2.5716820105526077
cosivina-python (numba),detection,2D,100,10,10,205.38,205.43200000000002,0.6925765100133126,0.49543938935108434,0.24123059175727157,1.0952529304100627
cosivina-python (numba),detection,2D,100,50,10,40.15,40.166,0.14968114258130366,0.10707543903911529,0.26668851566404805,1.1701439028033633
cosivina-python (numba),detection,2D,100,100,10,19.895,19.892,0.045411696975804196,0.032485571043488676,0.16328510200295893,0.7038005228232485
cosivina-python (numba),detection,2D,200,5,10,109.14500000000001,109.19800000000001,0.24279849898858616,0.17368758301079654,0.1591347134644707,0.7509295042033673
cosivina-python (numba),detection,2D,200,10,10,52.22,52.587,0.7444020717625952,0.5325131628542428,1.0197494501230233,3.917317968319157
cosivina-python (numba),detection,2D,200,50,10,10.495000000000001,10.436,0.11871534582072082,0.08492384247754832,0.8091838254173255,3.44959754695285
cosivina-python (numba),detection,2D,200,100,10,5.15,5.161,0.06045200116161954,0.04324475651071118,0.8397040099167218,3.293935283859716
cosivina-python (numba),detection,2D,500,5,10,16.735,16.661,0.20338523927649108,0.14549303548893397,0.8693936987686524,3.6012244163015295
cosivina-python (numba),detection,2D,500,10,10,8.13,8.192,0.11487190934060215,0.08217441364883583,1.010755395434635,3.9062500000000036
cosivina-python (numba),detection,2D,500,50,10,1.66,1.6589999999999998,0.00994428926011754,0.007113715997194994,0.42853710826475866,1.8083182640144684
cosivina-python (numba),detection,2D,500,100,10,0.83,0.824,0.008432740427115644,0.006032419100795189,0.7267974820235168,2.427184466019406
cosivina-python (numba),memory,1D,100,5,10,26875.8,26650.86,674.4593460773685,482.4791510129041,1.7952178205407991,7.622793410794252
cosivina-python (numba),memory,1D,100,10,10,13797.615,13420.574,893.7306611576744,639.3364005368704,4.633673287280957,20.516335590415146
cosivina-python (numba),memory,1D,100,50,10,2761.6450000000004,2757.4300000000003,13.702385031648927,9.802095760659123,0.3549368496189453,1.5956887391520362
cosivina-python (numba),memory,1D,100,100,10,1343.3600000000001,1342.126,25.137817548687682,17.982511384484297,1.3386219170203293,5.566541442457716
cosivina-python (numba),memory,1D,500,5,10,7980.9400000000005,7915.169,174.85422185034278,125.08317513876939,1.5672737188698245,6.272260263804854
cosivina-python (numba),memory,1D,500,10,10,3986.23,3942.19,103.39981334605979,73.96777055318157,1.8555821052267822,8.11122751567023
cosivina-python (numba),memory,1D,500,50,10,791.31,790.769,6.685562304947388,4.782563165141268,0.6043855335003057,3.0135222802107875
cosivina-python (numba),memory,1D,500,100,10,393.08,391.983,3.7121184427942646,2.655489563833947,0.6755595715462366,2.4720459815859357
cosivina-python (numba),memory,1D,1000,5,10,3895.205,3877.648,77.23194600969506,55.248405939588885,1.4183696606363179,7.250787075051688
cosivina-python (numba),memory,1D,1000,10,10,1936.79,1931.815,26.19583734955697,18.73937315568985,0.9675480127267205,3.9998654115430297
cosivina-python (numba),memory,1D,1000,50,10,385.28499999999997,385.298,2.3676702097678697,1.6937292356184577,0.43960425026109445,1.6766243271441792
cosivina-python (numba),memory,1D,1000,100,10,192.79000000000002,191.598,2.4859105195302447,1.7783132577710832,0.9224094910374412,3.7839643420077453
cosivina-python (numba),memory,2D,100,5,10,205.84,204.257,6.066185054143267,4.339487371377416,2.1081846926629497,9.527213265640839
cosivina-python (numba),memory,2D,100,10,10,99.97,100.003,1.6734996597284146,1.197149538726279,1.197508791363688,5.659830205093859
cosivina-python (numba),memory,2D,100,50,10,19.585,19.777,0.3855169689304653,0.2757822260932865,1.4081298243210953,5.106942407847507
cosivina-python (numba),memory,2D,100,100,10,9.905,9.939,0.1114998754359046,0.07976220590794324,0.8052721444517238,2.615957339772611
cosivina-python (numba),memory,2D,200,5,10,52.405,52.324,0.26128741093116276,0.1869137538528022,0.35667160357370903,1.834722116046162
cosivina-python (numba),memory,2D,200,10,10,25.97,25.874,0.29155521680197133,0.20856603781106456,0.8031037266502294,3.439746463631447
cosivina-python (numba),memory,2D,200,50,10,5.07,5.064,0.051897334549409556,0.037125116671390096,0.7322508219209092,3.357030015797787
cosivina-python (numba),memory,2D,200,100,10,2.545,2.547,0.014181364924121727,0.010144737334560628,0.39861443357802073,1.9630938358853482
cosivina-python (numba),memory,2D,500,5,10,8.205,8.18,0.05676462121975485,0.04060696380436056,0.49490510425789835,1.9559902200489017
cosivina-python (numba),memory,2D,500,10,10,4.1,4.095,0.03472111109333285,0.02483798660359031,0.6058045513070808,2.9304029304029333
cosivina-python (numba),memory,2D,500,50,10,0.82,0.816,0.0069920589878009675,0.005001817683877678,0.6099777663265462,2.4509803921568514
cosivina-python (numba),memory,2D,500,100,10,0.41,0.409,0.0031622776601683646,0.0022621571627981945,0.5517456494629743,2.4449877750611133
cosivina-python (numba),multi-peak,1D,100,5,10,30957.645,30379.621,1921.160004427013,1374.3150766414965,4.439339867879151,18.105393744049678
cosivina-python (numba),multi-peak,1D,100,10,10,16004.765,15942.148000000001,252.195854437688,180.4100461291726,1.127227085990782,4.274141727952841
cosivina-python (numba),multi-peak,1D,100,50,10,3203.76,3191.505,31.296517111866166,22.38817964880254,0.6988095128474836,3.2683639850164714
cosivina-python (numba),multi-peak,1D,100,100,10,1590.6599999999999,1585.732,24.70299433042257,17.67145759242196,1.1109512776094175,5.04183556868374
cosivina-python (numba),multi-peak,1D,500,5,10,9776.335,9601.66,518.831536157076,371.14972242533287,3.796409620019495,15.69176579883062
cosivina-python (numba),multi-peak,1D,500,10,10,4937.225,4914.234,66.72813636107503,47.73443316844724,0.9668271785962202,3.7289636594431603
cosivina-python (numba),multi-peak,1D,500,50,10,979.1099999999999,977.642,7.984103372744264,5.711483485676284,0.5833342000057485,2.287135781809691
cosivina-python (numba),multi-peak,1D,500,100,10,486.865,484.916,6.66312105714898,4.766509663550078,0.9790208093722239,4.712156332230729
cosivina-python (numba),multi-peak,1D,1000,5,10,5308.514999999999,5293.604,73.79397885705548,52.78903239444786,0.9944218372642418,4.542462942071224
cosivina-python (numba),multi-peak,1D,1000,10,10,2637.925,2634.365,23.173782720038506,16.577525506243198,0.6284305090646322,2.94074663154118
cosivina-python (numba),multi-peak,1D,1000,50,10,520.625,520.866,3.173558115288135,2.270226714270614,0.43605795232088623,2.3211344184492813
cosivina-python (numba),multi-peak,1D,1000,100,10,259.93,259.894,0.8329359052305306,0.5958464520375871,0.22923342901457588,0.9042147952626709
cosivina-python (numba),multi-peak,2D,100,5,10,421.865,421.504,3.7564764814325087,2.6872213931091284,0.6369860958148053,2.9892954752505365
cosivina-python (numba),multi-peak,2D,100,10,10,211.14499999999998,210.925,1.053219930604346,0.7534281508637631,0.3568297382669555,1.569278179447672
cosivina-python (numba),multi-peak,2D,100,50,10,40.99,40.955,0.1976669477232399,0.141402416135962,0.34496808035121246,1.5871078012452657
cosivina-python (numba),multi-peak,2D,100,100,10,20.305,20.141,0.2815611242104747,0.20141669465682718,0.9919561421168539,3.8726974827466245
cosivina-python (numba),multi-peak,2D,200,5,10,113.82,113.788,1.254731489646732,0.8975808362576494,0.7885967635368559,3.6998629029423085
cosivina-python (numba),multi-peak,2D,200,10,10,55.735,55.549,0.6657568792150955,0.4762537812439962,0.8544967816345136,3.8704567138922497
cosivina-python (numba),multi-peak,2D,200,50,10,11.129999999999999,11.042,0.16929920916006114,0.12110935844802173,1.0881343975563498,3.5319688462234993
cosivina-python (numba),multi-peak,2D,200,100,10,5.51,5.5,0.06253887679764565,0.044737617408844375,0.8119349801968128,3.2727272727272676
cosivina-python (numba),multi-peak,2D,500,5,10,17.845,17.81,0.201218510303821,0.1439430509549677,0.8066295934713797,3.7057832678270644
cosivina-python (numba),multi-peak,2D,500,10,10,9.01,9.006,0.025473297566056523,0.01822249933172426,0.20224749535764994,0.8882966910948067
cosivina-python (numba),multi-peak,2D,500,50,10,1.79,1.784,0.015055453054181633,0.010770022314825966,0.6016772242919535,2.242152466367715
cosivina-python (numba),multi-peak,2D,500,100,10,0.9,0.896,0.005163977794943227,0.0036940871778918024,0.4104541308768669,1.1160714285714295
cosivina-python (numba),selection,1D,100,5,10,30722.550000000003,30159.62,1324.6851509782318,947.6226709890707,3.0844531817478384,14.747102251288307
cosivina-python (numba),selection,1D,100,10,10,15293.675,15259.179,175.6724832338734,125.66852407036714,0.8217025931986076,3.3478865409469196
cosivina-python (numba),selection,1D,100,50,10,3016.08,3008.337,45.818656571313845,32.776692400587535,1.0867315323395776,4.188692955609686
cosivina-python (numba),selection,1D,100,100,10,1506.4499999999998,1496.982,21.173355793438986,15.14650628941056,1.005443678144682,3.671386830302571
cosivina-python (numba),selection,1D,500,5,10,9284.235,9265.094,108.39301312046516,77.53969049469362,0.8351758706527098,3.374601488123055
cosivina-python (numba),selection,1D,500,10,10,4664.0599999999995,4659.0509999999995,34.809152516096916,24.900967643376067,0.5338903796987189,2.6232810072265846
cosivina-python (numba),selection,1D,500,50,10,916.9649999999999,915.156,7.307360368529518,5.227370704043932,0.5700730893811576,2.8705488463169226
cosivina-python (numba),selection,1D,500,100,10,455.615,454.668,2.789017349852405,1.9951428220889194,0.4379010397131173,1.65835290805598
cosivina-python (numba),selection,1D,1000,5,10,4877.025,4850.307,107.62970108973946,76.99364996210349,1.5787011541278442,7.09150987762218
cosivina-python (numba),selection,1D,1000,10,10,2392.2650000000003,2395.677,38.200114034152044,27.32671538319757,1.1422946614692588,5.316242548557261
cosivina-python (numba),selection,1D,1000,50,10,472.93,473.118,2.0355277775882437,1.4561288529928693,0.3078952176839848,1.5619781957143855
cosivina-python (numba),selection,1D,1000,100,10,238.195,239.931,4.171819347319184,2.9843397805668093,1.2528977436834565,4.834723316286763
cosivina-python (numba),selection,2D,100,5,10,394.75,392.855,6.306161449108501,4.51115614278574,1.142788129901391,4.8847539168395455
cosivina-python (numba),selection,2D,100,10,10,198.89,198.748,0.7984818929276578,0.5711995363983288,0.2871936931964045,1.3434097450037314
cosivina-python (numba),selection,2D,100,50,10,38.395,38.191,0.5683396871590084,0.4065657201464037,1.0589027741799808,4.215652902516298
cosivina-python (numba),selection,2D,100,100,10,18.72,18.839,0.3014575702593433,0.21564975474215806,1.1519751855884512,4.405754020914071
cosivina-python (numba),selection,2D,200,5,10,100.03,99.837,1.5353468663464946,1.0983209839013839,1.0979915864254561,3.5758286006190163
cosivina-python (numba),selection,2D,200,10,10,48.86,49.028,0.753094357375695,0.5387312493962432,1.1026018202952172,4.385249245329197
cosivina-python (numba),selection,2D,200,50,10,9.74,9.727,0.09019115502334168,0.06451886560341827,0.6624113511644586,2.9813920016449154
cosivina-python (numba),selection,2D,200,100,10,4.8149999999999995,4.8229999999999995,0.04643992535164824,0.03322112131306371,0.689950598402154,2.6954177897574105
cosivina-python (numba),selection,2D,500,5,10,15.114999999999998,15.139,0.08659612513784293,0.06194713614765581,0.409838810106886,1.8495277098883753
cosivina-python (numba),selection,2D,500,10,10,7.585,7.551,0.08748968193132513,0.0625863481707503,0.825133133431118,3.9729837107667834
cosivina-python (numba),selection,2D,500,50,10,1.5,1.5030000000000001,0.009486832980505146,0.00678647148839462,0.4524314325596414,1.9960079840319378
cosivina-python (numba),selection,2D,500,100,10,0.74,0.741,0.003162277660168382,0.0022621571627982067,0.30569691389164955,1.3495276653171402
dnfc,detection,1D,100,5,10,204412.58,203784.56,4601.300172890747,3291.5718551214086,1.6102589454726361,5.503243229025782
dnfc,detection,1D,100,10,10,106711.78,105359.84599999999,3883.4170275078336,2778.0291893917993,2.603301331298006,9.847859876332777
dnfc,detection,1D,100,50,10,21556.375,21457.436999999998,351.84335375119605,251.69357292579767,1.1676062089558086,4.810080532917341
dnfc,detection,1D,100,100,10,10628.665,10619.566,150.88407464746663,107.93596480005854,1.0155176101613752,4.7874837822939265
dnfc,detection,1D,500,5,10,45366.725,45324.686,214.9888619440544,153.79376709845312,0.3390012549913028,1.43762716855887
dnfc,detection,1D,500,10,10,24942.45,24806.557,413.7548121250881,295.98236223227667,1.1866611428800165,5.532529161543862
dnfc,detection,1D,500,50,10,4844.755,4823.2,58.09822697619772,41.5609678920742,0.8578548944595589,3.8059794327417613
dnfc,detection,1D,500,100,10,2367.44,2360.576,20.94457564356198,14.982846829247041,0.632871237676437,2.7497526027545756
dnfc,detection,1D,1000,5,10,25536.85,25350.799,447.3542066776865,320.01792116191103,1.253161298914749,5.071122215911221
dnfc,detection,1D,1000,10,10,12708.695,12662.506,189.71648561881887,135.71499816390636,1.0678909059026624,5.550323135088737
dnfc,detection,1D,1000,50,10,2525.3999999999996,2521.636,16.749938772690694,11.982184375630087,0.4744667924142746,2.207297167394495
dnfc,detection,1D,1000,100,10,1240.27,1235.954,11.259542323439845,8.054591359141677,0.649422412792511,2.5769567475812134
dnfc,detection,2D,100,5,10,1961.245,1958.273,16.656358845798195,11.915241328667307,0.6075345675153949,2.5619512703285023
dnfc,detection,2D,100,10,10,982.395,978.635,8.969149903976417,6.416143324495653,0.6531123758259818,2.5903426711695396
dnfc,detection,2D,100,50,10,166.12,165.852,2.38227622243937,1.7041777476517106,1.0258715071344273,4.11209994452887
dnfc,detection,2D,100,100,10,77.69,77.813,0.7237564046924454,0.51774414233724,0.666423146270099,2.467454024391813
dnfc,detection,2D,200,5,10,503.03999999999996,503.151,7.303806389669531,5.224828340722766,1.0386506720584379,4.199534533370685
dnfc,detection,2D,200,10,10,223.715,224.773,3.0037016052419934,2.148718686785031,0.960471442140684,3.412331552277181
dnfc,detection,2D,200,50,10,38.08,38.084,0.5044953474072442,0.36089423079784183,0.947726446422904,4.280012603718103
dnfc,detection,2D,200,100,10,18.975,18.991,0.12582615873586167,0.09001061160345973,0.47436422452416194,2.0536043388973755
dnfc,detection,2D,500,5,10,58.754999999999995,58.735,1.0992143659096805,0.7863305877956551,1.338321143384657,5.601430152379329
dnfc,detection,2D,500,10,10,29.71,29.584,0.4286464484604739,0.30663519712599857,1.0320942346886521,4.597079502433746
dnfc,detection,2D,500,50,10,5.955,5.911,0.11685223337379752,0.08359105212204183,1.403712042351668,5.75198781931991
dnfc,detection,2D,500,100,10,2.9850000000000003,2.982,0.02780887148615221,0.019893268264869684,0.6664411479018318,3.353454057679398
dnfc,memory,1D,100,5,10,170109.45500000002,170643.952,5749.97790367697,4113.2864025740455,2.4180233853397772,9.770771131695316
dnfc,memory,1D,100,10,10,83868.13500000001,84405.41,3025.6589916358166,2164.4260547789186,2.5807489993415476,9.940523954566432
dnfc,memory,1D,100,50,10,17502.375,17369.477,257.33040788708433,184.08308439827374,1.0517606004800706,3.9675345434983416
dnfc,memory,1D,100,100,10,8695.11,8683.405,67.57947424247175,48.343443601218816,0.5559842670330658,2.0757986066525747
dnfc,memory,1D,500,5,10,37143.815,36405.966,1570.400218806234,1123.3966416608823,3.024451423907001,11.332428316831368
dnfc,memory,1D,500,10,10,19962.809999999998,19943.988,232.03402105917345,165.98713938482234,0.8314818374007584,4.066288046302472
dnfc,memory,1D,500,50,10,3939.4300000000003,3918.205,38.826047742892094,27.774481384424597,0.7050380736407195,3.186408061854852
dnfc,memory,1D,500,100,10,1920.75,1926.131,16.359116011162282,11.702606614160212,0.6092727639807477,2.390803117752632
dnfc,memory,1D,1000,5,10,21678.34,21538.08,352.5221981978188,252.17918898876906,1.1632772112106788,4.810270924799243
dnfc,memory,1D,1000,10,10,10806.705,10788.731,71.7119214403484,51.299618242779005,0.47470175453830754,2.3204768012104515
dnfc,memory,1D,1000,50,10,2088.325,2089.899,21.4167008819441,15.320584879006736,0.7336302960030999,3.0953648956241455
dnfc,memory,1D,1000,100,10,1027.455,1022.553,17.729614929703235,12.68300248016381,1.2344095342534525,4.89167798637332
dnfc,memory,2D,100,5,10,1513.75,1503.06,31.804277140731298,22.751409292027077,1.5029832728011283,5.905951858209252
dnfc,memory,2D,100,10,10,717.9549999999999,713.944,16.614826845655386,11.885531125546375,1.6554702071225043,6.1839584057012855
dnfc,memory,2D,100,50,10,118.555,118.785,1.0279564409275515,0.7353557390545494,0.6202654793594107,2.954918550322003
dnfc,memory,2D,100,100,10,60.435,60.230000000000004,1.407779970181579,1.0070651237565689,1.6663607574362023,6.441972438983899
dnfc,memory,2D,200,5,10,360.635,360.489,6.618750217710624,4.734768677134135,1.3128977157331194,6.399640488336674
dnfc,memory,2D,200,10,10,164.945,164.827,1.0883019393123945,0.7785243080683886,0.47199024406219564,2.4753226109800046
dnfc,memory,2D,200,50,10,28.85,28.951999999999998,0.4084333210914335,0.29217559687129085,1.0127403704377498,4.835589941972929
dnfc,memory,2D,200,100,10,13.97,14.057,0.23856282657241937,0.17065756549646216,1.2216003256725996,5.6199758127623305
dnfc,memory,2D,500,5,10,40.36,40.311,0.3313423875355782,0.23702806516438416,0.5872846014974831,2.6791694574681806
dnfc,memory,2D,500,10,10,20.13,20.076,0.15203800694417036,0.10876143823752812,0.5402952719201596,2.241482367005376
dnfc,memory,2D,500,50,10,3.995,3.993,0.0221359436211786,0.015835100139587395,0.39637296970181213,1.7530678687703554
dnfc,memory,2D,500,100,10,2.04,2.033,0.0149443411809733,0.01069053766899105,0.5240459641662278,1.967535661583868
dnfc,multi-peak,1D,100,5,10,205812.635,205592.19400000002,2527.674659529327,1808.1895237413526,0.8785609900681522,4.993044628922062
dnfc,multi-peak,1D,100,10,10,105406.29500000001,104454.404,2748.0172570265213,1965.813122540485,1.864986453171971,8.546216969463547
dnfc,multi-peak,1D,100,50,10,21132.32,21050.202,361.4312055580025,258.5523089292199,1.223492304343394,5.72754598744468
dnfc,multi-peak,1D,100,100,10,10026.58,9993.927,128.49511577833934,91.91986845553517,0.916761931341845,3.5869783719652903
dnfc,multi-peak,1D,500,5,10,48426.384999999995,47611.377,1546.5710824562827,1106.350304409628,2.2846022977135876,8.453000634701231
dnfc,multi-peak,1D,500,10,10,24586.095,24443.008,297.622316136109,212.90617921894997,0.865961752848307,3.6435368347463624
dnfc,multi-peak,1D,500,50,10,4674.025,4659.2880000000005,46.54624839876998,33.2971802390861,0.712387722339656,3.419835820408615
dnfc,multi-peak,1D,500,100,10,2350.8050000000003,2349.979,10.943291653895626,7.8283592586653725,0.3330075977661002,1.5757587620995654
dnfc,multi-peak,1D,1000,5,10,25045.785,24885.783,436.6416992111496,312.3546549654616,1.2471346175233142,5.855311042453434
dnfc,multi-peak,1D,1000,10,10,12491.314999999999,12467.831,70.91536198564818,50.72979393584297,0.4061205240268377,1.7751283282553294
dnfc,multi-peak,1D,1000,50,10,2435.6850000000004,2431.771,24.564418915713585,17.57232671251214,0.7214531728245704,3.1664165745869983
dnfc,multi-peak,1D,1000,100,10,1231.87,1227.301,14.739869176262504,10.544267208343513,0.8559561648829433,3.889836315622656
dnfc,multi-peak,2D,100,5,10,1987.12,1987.462,57.35375194546752,41.02840253751864,2.064716903735992,7.561905586119369
dnfc,multi-peak,2D,100,10,10,946.325,943.252,13.577731605668014,9.712924071530775,1.0263835438703168,4.40603359441592
dnfc,multi-peak,2D,100,50,10,147.335,147.447,1.9885229023909476,1.4225035909061943,0.9654892529990798,4.218464939944521
dnfc,multi-peak,2D,100,100,10,73.725,73.889,1.5361745415877144,1.0989130671010914,1.49055688993027,5.806006306757423
dnfc,multi-peak,2D,200,5,10,529.77,530.186,8.5072324785705,6.085707504243342,1.1487452109865306,5.383016526275699
dnfc,multi-peak,2D,200,10,10,243.96,243.514,1.939926688190963,1.3877399534742054,0.5688391348885905,2.7719145511141043
dnfc,multi-peak,2D,200,50,10,39.445,39.403999999999996,0.21823534696896996,0.15611616258115682,0.3957818800384252,1.9033600649680238
dnfc,multi-peak,2D,200,100,10,18.985,18.957,0.3422490970688519,0.24483025515042758,1.2895983942608775,5.380598195917073
dnfc,multi-peak,2D,500,5,10,58.67,58.84,0.5966573556070508,0.4268229598316985,0.7274978009744307,3.195105370496253
dnfc,multi-peak,2D,500,10,10,29.33,29.357,0.4750918039939462,0.33986020295713076,1.1587460039452122,5.041387062710769
dnfc,multi-peak,2D,500,50,10,5.83,5.797,0.09250225222483316,0.06617212494687467,1.1350278721590852,5.002587545282044
dnfc,multi-peak,2D,500,100,10,2.9699999999999998,2.972,0.027406406388125925,0.019605362077584423,0.6601132012654688,2.691790040376853
dnfc,selection,1D,100,5,10,186678.62,188587.627,6817.862825850362,4877.205256432728,2.612621229165251,11.795736737278114
dnfc,selection,1D,100,10,10,96977.355,96785.22899999999,803.6910933858718,574.9259739206977,0.592845591551448,2.732472741269218
dnfc,selection,1D,100,50,10,19395.370000000003,19294.695,240.57422593314823,172.09643391982456,0.8873067846595581,4.343732823970529
dnfc,selection,1D,100,100,10,9141.395,9113.016,93.90861919973071,67.17817927469672,0.7348788590220279,3.018868835520541
dnfc,selection,1D,500,5,10,45513.11,45169.366,823.4788124401122,589.0812553995559,1.2943111455129213,5.9831479591721415
dnfc,selection,1D,500,10,10,22681.32,22614.578,248.7105895882473,177.91683784998838,0.7844201212715503,3.5318368532015176
dnfc,selection,1D,500,50,10,4457.125,4443.003000000001,44.8202094918005,32.06244638701142,0.7193526407047461,3.401078054640063
dnfc,selection,1D,500,100,10,2207.54,2205.933,23.348924338773685,16.70281427272829,0.7566256680616564,3.097555546791309
dnfc,selection,1D,1000,5,10,22371.69,22139.238,417.8617102928778,298.92026019872327,1.3361541313987602,5.469158423609709
dnfc,selection,1D,1000,10,10,11433.21,11437.481,171.88973871836177,122.96251165767325,1.0754854643418013,5.147724398405562
dnfc,selection,1D,1000,50,10,2266.73,2263.921,13.13098832702419,9.393343181956938,0.4144006203631195,1.881249389885961
dnfc,selection,1D,1000,100,10,1082.73,1081.8799999999999,5.798160627877311,4.14775424707924,0.38308297055399215,1.8338447887011424
dnfc,selection,2D,100,5,10,1922.7,1917.475,10.44952550756889,7.47514023595602,0.3887834938345046,1.459210680712906
dnfc,selection,2D,100,10,10,779.91,788.468,29.430882042130115,21.053584717645798,2.699489007404162,9.988991309729753
dnfc,selection,2D,100,50,10,149.88,150.874,2.6404848039706668,1.8888890396310132,1.2602675738130593,4.4606757956970835
dnfc,selection,2D,100,100,10,72.36,72.987,1.5265796918456473,1.092049325076353,1.5091892275792607,5.411922671160602
dnfc,selection,2D,200,5,10,461.94500000000005,467.539,12.678050542396315,9.069331009748336,1.9632923854026636,7.8496125456913735
dnfc,selection,2D,200,10,10,212.26999999999998,213.842,5.02264162457256,3.5929813723536994,1.6926468047080132,7.701948167338502
dnfc,selection,2D,200,50,10,35.345,35.441,0.5086681957163557,0.3638793066533327,1.0295071626915622,4.232386219350469
dnfc,selection,2D,200,100,10,17.775,17.823,0.3769482723133248,0.2696525497930476,1.5170326289341638,6.340122313864122
dnfc,selection,2D,500,5,10,53.685,53.936,1.1867808933787594,0.8489719079525305,1.5813950041026925,7.193711064965877
dnfc,selection,2D,500,10,10,26.96,26.985,0.1877498335551861,0.1343081400285452,0.4981755935776898,1.8899388549194056
dnfc,selection,2D,500,50,10,5.4,5.406,0.035652645218989296,0.02550436597352599,0.47230307358381457,2.0347761746207977
dnfc,selection,2D,500,100,10,2.75,2.755,0.027182510717166774,0.019445196763146856,0.7070980641144312,3.2667876588021727
